"","SpID","SpeciesID","Description","LightTrap","Drift","Benthic","Sticky","Malaise","Pitfall","FishGut","Fish","RegressionA","RegressionB","Kingdom","Phylum","Class","Order","Suborder","Superfamily","Family","Subfamily","Genus","Species","Habitat","Stage","FFG","Notes"
"1",1,"CHYD","Coleoptera: Hydroscaphidae (Adult)",0,1,0,0,0,0,0,0,0.04,2.64,"Animalia","Arthropoda","Insecta","Coleoptera","Myxophaga","Sphaeriusoidea","Hydroscaphidae","","","","Aquatic","Adult","","Length-mass regression values from Sabo et al. 2002, Table 2, for Coleoptera."
"2",6,"SPID","Araneae (Adult)",1,1,0,1,1,1,1,0,0.05,2.74,"Animalia","Arthropoda","Arachnida","Araneae","","","","","","","Terrestrial","Adult","","Length-mass regression values from Sabo et al. 2002, Table 2."
"3",7,"MITE","Trombidiformes (Adult)",1,1,1,1,1,0,1,0,0.05,2.33,"Animalia","Arthropoda","Arachnida","Trombidiformes","","","","","","","Aquatic","Adult","Predator","Length-mass regression values from Gruner 2003, Table 2, for Arachnida. "
"4",8,"SCOR","Scorpiones: Buthidae: Centruroides sculpturatus (Adult)",1,0,0,0,0,1,1,0,0.0078,3.42,"Animalia","Arthropoda","Arachnida","Scorpiones","Neoscorpionina","Buthoidea","Buthidae","Centrurinae","Centruroides","sculpturatus","Terrestrial","Adult","","Length-mass regression values from Hodar 1996, Table 2."
"5",10,"CENT","Chilopoda (Adult)",0,1,0,0,0,0,1,0,0.0036,2.62,"Animalia","Arthropoda","Chilopoda","","","","","","","","Terrestrial","Adult","","Length-mass regression values from Hodar 1996, Table 2."
"6",11,"HYDR","Hydrozoa (Adult)",0,1,1,0,0,0,0,0,NA,NA,"Animalia","Cnidaria","Hydrozoa","","","","","","","","Aquatic","Adult","","No longer Identified (after ~ 2010)."
"7",12,"CARA","Coleoptera: Carabidae (Adult)",1,1,0,0,1,1,0,0,0.07,2.4,"Animalia","Arthropoda","Insecta","Coleoptera","Adephaga","Caraboidea","Carabidae","","","","Intermediate","Adult","PredatorWanderer","Length-mass regression values from Sabo et al. 2002, Table 2."
"8",18,"ELML","Coleoptera: Elmidae (Larva)",1,1,1,0,0,0,0,0,0.0074,2.87,"Animalia","Arthropoda","Insecta","Coleoptera","Polyphaga","Byrrhoidea","Elmidae","","","","Aquatic","Larva","ScraperGrazer","Length-mass regression values from Benke et al. 1999, Table 4."
"9",23,"COLE","Coleoptera (Adult)",1,1,1,1,1,1,1,0,0.04,2.64,"Animalia","Arthropoda","Insecta","Coleoptera","","","","","","","Terrestrial","Adult","Generalist","Length-mass regression values from Sabo et al. 2002, Table 2."
"10",25,"COPE","Maxillopoda (Adult)",0,1,1,0,0,0,1,0,0.001,1,"Animalia","Arthropoda","Maxillopoda","","","","","","","","Aquatic","Adult","","Length-mass regression values from unknown source."
"11",26,"DAPH","Diplostraca: Daphniidae: Daphnia spp. (Adult)",0,1,1,0,0,0,1,0,0.00233,1,"Animalia","Arthropoda","Branchiopoda","Diplostraca","Cladocera","Daphnoidea","Daphniidae","Daphniinae","Daphnia","","Aquatic","Adult","","Length-mass regression values from unknown source."
"12",30,"DIPL","Diptera (Larva)",0,1,1,0,0,0,1,0,0.0025,2.69,"Animalia","Arthropoda","Insecta","Diptera","","","","","","","Terrestrial","Larva","","Length-mass regression values from Benke et al. 1999, Table 2."
"13",32,"BLEL","Diptera: Blephariceridae (Larva)",0,1,1,0,0,0,0,0,0.0067,3.29,"Animalia","Arthropoda","Insecta","Diptera","Nematocera","Blephariceroidea","Blephariceridae","","","","Aquatic","Larva","ScraperGrazer","Length-mass regression values from Benke et al. 1999, Table 4."
"14",35,"CERL","Diptera: Ceratopogonidae (Larva)",0,1,1,0,0,0,0,0,0.0025,2.46,"Animalia","Arthropoda","Insecta","Diptera","Nematocera","Chironomoidea","Ceratopogonidae","","","","Aquatic","Larva","Predator","Length-mass regression values from Benke et al. 1999, Table 4."
"15",36,"CERA","Diptera: Ceratopogonidae (Adult)",1,1,1,1,1,1,1,0,0.04,2.26,"Animalia","Arthropoda","Insecta","Diptera","Nematocera","Chironomoidea","Ceratopogonidae","","","","Aquatic","Adult","Predator","Length-mass regression values from Sabo et al. 2002, Table 2, for Diptera."
"16",37,"CHIA","Diptera: Chironomidae (Adult)",1,1,1,1,1,1,1,0,0.04,2.26,"Animalia","Arthropoda","Insecta","Diptera","Nematocera","Chironomoidea","Chironomidae","","","","Aquatic","Adult","Generalist","Length-mass regression values from Sabo et al. 2002, Table 2, for Dipera adults."
"17",38,"CHIL","Diptera: Chironomidae (Larva)",1,1,1,0,0,0,1,0,0.0018,2.61,"Animalia","Arthropoda","Insecta","Diptera","Nematocera","Chironomoidea","Chironomidae","","","","Aquatic","Larva","Generalist","Length-mass regression values from Benke et al. 1999, Table 4."
"18",39,"CHIP","Diptera: Chironomidae (Pupa)",0,1,1,0,0,1,1,0,0.0018,2.61,"Animalia","Arthropoda","Insecta","Diptera","Nematocera","Chironomoidea","Chironomidae","","","","Aquatic","Pupa","NonFeeding","Length-mass regression values from Benke et al. 1999, Table 4, for larvae."
"19",43,"CULA","Diptera: Culicidae (Adult)",1,0,0,1,0,0,1,0,0.03,2.03,"Animalia","Arthropoda","Insecta","Diptera","Nematocera","Culicoidea","Culicidae","","","","Aquatic","Adult","CollectorFilterer","Length-mass regression values from Sabo et al. 2002, Table 3."
"20",44,"DOLA","Diptera: Dolichopodidae (Adult)",1,1,0,1,1,0,1,0,0.04,2.26,"Animalia","Arthropoda","Insecta","Diptera","Brachycera","Empidoidea","Dolichopodidae","","","","Intermediate","Adult","","Length-mass regression values from Sabo et al. 2002, Table 2, for Diptera."
"21",45,"EMPL","Diptera: Empididae (Larva)",0,1,1,0,0,0,1,0,0.0054,2.54,"Animalia","Arthropoda","Insecta","Diptera","Brachycera","Empidoidea","Empididae","","","","Aquatic","Larva","Generalist","Length-mass regression values from Benke et al. 1999, Table 4."
"22",46,"EPHY","Diptera: Ephydridae (Adult)",1,0,0,0,0,0,0,0,0.04,2.26,"Animalia","Arthropoda","Insecta","Diptera","Brachycera","Ephydroidea","Ephydridae","","","","Aquatic","Adult","Shredder","Length-mass regression values from Sabo et al. 2002, Table 2, for Diptera."
"23",48,"MUSC","Diptera: Muscomorpha (Suborder) (Adult)",1,1,0,1,1,0,1,0,0.04,2.26,"Animalia","Arthropoda","Insecta","Diptera","Muscomorpha","","","","","","Terrestrial","Adult","","Infraorder. Length-mass regression values from Sabo et al. 2002, Table 2, for Diptera."
"24",51,"SIMA","Diptera: Simuliidae (Adult)",1,1,1,1,1,1,1,0,0.04,2.26,"Animalia","Arthropoda","Insecta","Diptera","Nematocera","Chironomoidea","Simuliidae","","","","Aquatic","Adult","CollectorFilterer","Length-mass regression values from Sabo et al. 2002, Table 2, for Diptera."
"25",52,"SIML","Diptera: Simuliidae: Simulium spp. (Larva)",1,1,1,0,0,0,1,0,0.002,3.01,"Animalia","Arthropoda","Insecta","Diptera","Nematocera","Chironomoidea","Simuliidae","Simuliinae","Simulium","","Aquatic","Larva","CollectorFilterer","Length-mass regression values from Benke et al. 1999, Table 4."
"26",53,"SIMP","Diptera: Simuliidae (Pupa)",0,1,1,0,0,0,1,0,0.002,3.01,"Animalia","Arthropoda","Insecta","Diptera","Nematocera","Chironomoidea","Simuliidae","","","","Aquatic","Pupa","NonFeeding","Length-mass regression values from Benke et al. 1999, Table 4, for larvae."
"27",56,"TABA","Diptera: Tabanidae (Adult)",1,0,0,0,0,0,0,0,0.04,2.26,"Animalia","Arthropoda","Insecta","Diptera","Brachycera","Tabanoidea","Tabanidae","","","","Aquatic","Adult","","Length-mass regression values from Sabo et al. 2002, Table 2, for Diptera."
"28",58,"DIPT","Diptera (Adult)",1,1,1,1,1,1,1,0,0.04,2.26,"Animalia","Arthropoda","Insecta","Diptera","","","","","","","Terrestrial","Adult","Generalist","Length-mass regression values from Sabo et al. 2002, Table 2."
"29",59,"TIPA","Diptera: Tipulidae (Adult)",1,1,0,1,1,0,0,0,0.04,2.26,"Animalia","Arthropoda","Insecta","Diptera","Nematocera","Tipuloidea","Tipulidae","","","","Aquatic","Adult","","Length-mass regression values from Sabo et al. 2002, Table 2, for Diptera."
"30",60,"TIPL","Diptera: Tipulidae (Larva)",0,1,1,0,0,0,1,0,0.0029,2.68,"Animalia","Arthropoda","Insecta","Diptera","Nematocera","Tipuloidea","Tipulidae","","","","Aquatic","Larva","Shredder","Length-mass regression values from Benke et al. 1999, Table 4."
"31",62,"EPHL","Ephemeroptera (Larva)",1,1,1,0,0,1,1,0,0.0071,2.83,"Animalia","Arthropoda","Insecta","Ephemeroptera","","","","","","","Aquatic","Larva","","Length-mass regression values from Benke et al. 1999, Table 2."
"32",63,"EPHA","Ephemeroptera (Adult)",1,1,0,1,0,0,1,0,0.01,2.49,"Animalia","Arthropoda","Insecta","Ephemeroptera","","","","","","","Aquatic","Adult","","Length-mass regression values from Sabo et al. 2002, Table 2."
"33",64,"BHS","Cyprinoformes: Catostomidae: Catostomus discobolus (Adult)",0,0,0,0,0,0,0,0,NA,NA,"Animalia","Chordata","Actinopterygii","Cyprinoformes","Cyprinoidei","Cobitoidea","Catostomidae","Catostominae","Catostomus","discobolus","Aquatic","Adult","",""
"34",65,"FEGG","Actinopterygii (Egg)",0,1,1,0,0,0,1,0,NA,NA,"Animalia","Chordata","Actinopterygii","","","","","","","","Aquatic","Egg","NonFeeding",""
"35",66,"FMS","Cyprinoformes: Catostomidae: Catostomus latipinnis (Adult)",0,1,0,0,0,0,1,0,NA,NA,"Animalia","Chordata","Actinopterygii","Cyprinoformes","Cyprinoidei","Cobitoidea","Catostomidae","Catostominae","Catostomus","latipinnis","Aquatic","Adult","",""
"36",67,"HBC","Cyprinoformes: Cyprinidae: Gila cypha (Adult)",0,0,0,0,0,0,0,0,NA,NA,"Animalia","Chordata","Actinopterygii","Cyprinoformes","Cyprinoidei","Cyprinoidea","Cyprinidae","Leuciscinae","Gila","cypha","Aquatic","Adult","",""
"37",68,"RBT","Salmoniformes: Salmonidae: Oncorhynchus mykiss (Adult)",0,0,0,0,0,0,1,1,NA,NA,"Animalia","Chordata","Actinopterygii","Salmoniformes","Salmonoidei","Salmonoidea","Salmonidae","Salmoninae","Oncorhynchus","mykiss","Aquatic","Adult","",""
"38",69,"FHM","Cyprinoformes: Cyprinidae: Pimephales promelas (Adult)",0,0,0,0,0,0,0,1,NA,NA,"Animalia","Chordata","Actinopterygii","Cyprinoformes","Cyprinoidei","Cyprinoidea","Cyprinidae","Leuciscinae","Pimephales","promelas","Aquatic","Adult","",""
"39",70,"SPD","Cyprinoformes: Cyprinidae: Rhinichthys osculus (Adult)",0,0,0,0,0,0,0,0,NA,NA,"Animalia","Chordata","Actinopterygii","Cyprinoformes","Cyprinoidei","Cyprinoidea","Cyprinidae","Leuciscinae","Rhinichthys","osculus","Aquatic","Adult","",""
"40",71,"BNT","Salmoniformes: Salmonidae: Salmo trutta (Adult)",0,0,0,0,0,0,0,1,NA,NA,"Animalia","Chordata","Actinopterygii","Salmoniformes","Salmonoidei","Salmonoidea","Salmonidae","Salmoninae","Salmo","trutta","Aquatic","Adult","",""
"41",72,"CYP","Cyprinoformes (Adult)",0,0,0,0,0,0,0,0,NA,NA,"Animalia","Chordata","Actinopterygii","Cyprinoformes","","","","","","","Aquatic","Adult","",""
"42",73,"SUC","Cyprinoformes: Catostomidae (Adult)",0,0,0,0,0,0,0,0,NA,NA,"Animalia","Chordata","Actinopterygii","Cyprinoformes","Cyprinoidei","Cobitoidea","Catostomidae","","","","Aquatic","Adult","",""
"43",74,"FISH","Actinopterygii (Adult)",0,0,1,0,0,0,1,0,NA,NA,"Animalia","Chordata","Actinopterygii","","","","","","","","Aquatic","Adult","",""
"44",76,"NZMS","Littorinimorpha: Tateidae: Potamopyrgus antipodarum (Adult)",1,1,1,0,0,1,1,0,0.02,2.43,"Animalia","Mollusca","Gastropoda","Littorinimorpha","Hypogastropoda","Truncatelloidea","Tateidae","Tateinae","Potamopyrgus","antipodarum","Aquatic","Adult","","Length-mass regression values from Cross et al. 2010, Methods text, for AFDM."
"45",77,"LIMP","Gastropoda (Adult)",0,1,1,0,0,0,0,0,0.02,3.03,"Animalia","Mollusca","Gastropoda","","","","","","","","Aquatic","Adult","","Length-mass regression values from Benke et al. 1999, Appendix 2, average of Gastropoda values, for AFDM."
"46",78,"GASN","Gastropoda (Adult)",0,1,0,0,0,0,1,0,0.02,3.03,"Animalia","Mollusca","Gastropoda","","","","","","","","Aquatic","Adult","","Length-mass regression values from Benke et al. 1999, Appendix 2, average of Gastropoda values, for AFDM."
"47",79,"PHYS","Hygrophila: Physidae (Adult)",0,1,1,0,0,0,1,0,0.02,3.03,"Animalia","Mollusca","Gastropoda","Hygrophila","Branchiopulmonata","Planorboidea","Physidae","","","","Aquatic","Adult","","Length-mass regression values from Benke et al. 1999, Appendix 2, average of Gastropoda values, for AFDM."
"48",82,"CORI","Hemiptera: Corixidae (Adult)",1,1,1,0,0,0,0,0,0.0031,2.9,"Animalia","Arthropoda","Insecta","Hemiptera","Heteroptera","Corixoidea","Corixidae","","","","Aquatic","Adult","ScraperGrazer","Length-mass regression values from Benke et al. 1999, Appendix 1, for Sigara spp., for dry mass."
"49",83,"HEMA","Hemiptera (Adult)",1,1,1,1,1,1,1,0,3.07,-4.78,"Animalia","Arthropoda","Insecta","Hemiptera","","","","","","","Terrestrial","Adult","Generalist","Length-mass regression values from Sample et al. 1993, Table 1. "
"50",84,"COLL","Collembola (Adult)",1,1,1,1,1,1,1,0,0.0024,3.67,"Animalia","Arthropoda","Entognatha","Collembola","","","","","","","Intermediate","Adult","Generalist","Length-mass regression values from Hodar 1996, Table 2."
"51",87,"FORM","Hymenoptera: Formicidae (Adult)",1,1,0,1,1,1,1,0,0.02,2.66,"Animalia","Arthropoda","Insecta","Hymenoptera","Apocrita","Formicoidea","Formicidae","","","","Terrestrial","Adult","Generalist","Length-mass regression values from Sabo et al. 2002, Table 3."
"52",91,"HYMA","Hymenoptera (Adult)",1,1,1,1,1,1,1,0,0.56,1.56,"Animalia","Arthropoda","Insecta","Hymenoptera","","","","","","","Terrestrial","Adult","Generalist","Length-mass regression values from Sabo et al. 2002, Table 2."
"53",92,"INSM","Insecta (Adult)",0,1,1,1,0,0,1,0,0.12,2.48,"Animalia","Arthropoda","Insecta","","","","","","","","Terrestrial","Adult","","Length-mass regression values from Sabo et al. 2002, Table 2, average value for terrestrial insects. "
"54",94,"CISP","Lepidoptera: Erebidae: Cisthene spp. (Adult)",1,0,0,1,1,0,1,0,2.65,-3.75,"Animalia","Arthropoda","Insecta","Lepidoptera","Glossota","Noctuoidea","Erebidae","Arctiinae","Cisthene","","Terrestrial","Adult","","Likely almost always C. angelus. Family formerly Arctiidae. Length-mass regression values from Sample et al. 1993, Table 1, for Arctiidae."
"55",97,"CLAM","Veneroida: Corbiculoidea (Superfamily) (Adult)",0,1,1,0,0,0,1,0,0.0015,3.4,"Animalia","Mollusca","Bivalvia","Veneroida","Sphaeriacea","Corbiculoidea","","","","","Aquatic","Adult","CollectorFilterer","Generally Pisidiidae or Corbicula. Length-mass regression values from Benke et al. 1999, Appendix 2, for two Corbicula spp., for AFDM."
"56",98,"NEMA","Nematoda (Adult)",1,1,1,0,0,0,1,0,0.39,2.08,"Animalia","Nematoda","","","","","","","","","Aquatic","Adult","Predator","Length-mass regression values from Hodar 1996, Table 2."
"57",102,"NOBU","Empty",1,1,1,1,0,1,1,0,NA,NA,"Empty","","","","","","","","","","","","",""
"58",103,"DRAA","Odonata: Anisoptera (Suborder) (Adult)",1,0,0,0,0,0,0,0,0.14,2.27,"Animalia","Arthropoda","Insecta","Odonata","Anisoptera","","","","","","Aquatic","Adult","","Length-mass regression values from Sabo et al. 2002, Table 2, for Odonata."
"59",104,"DRAL","Odonata: Anisoptera (Suborder) (Larva)",0,1,0,0,0,0,0,0,0.46,2.88,"Animalia","Arthropoda","Insecta","Odonata","Anisoptera","","","","","","Aquatic","Larva","","Length-mass regression values from Benke et al. 1999, Appendix 1, average of values for all species of Anisoptera. "
"60",105,"DAMA","Odonata: Zygoptera (Suborder) (Adult)",1,0,0,0,0,0,0,0,0.14,2.27,"Animalia","Arthropoda","Insecta","Odonata","Zygoptera","","","","","","Aquatic","Adult","","Length-mass regression values from Sabo et al. 2002, Table 2, for Odonata."
"61",106,"DAML","Odonata: Zygoptera (Suborder) (Larva)",0,1,1,0,0,0,0,0,0.21,2.84,"Animalia","Arthropoda","Insecta","Odonata","Zygoptera","","","","","","Aquatic","Larva","Predator","Length-mass regression values from Benke et al. 1999, Appendix 1, average of all values for species of Zygoptera. "
"62",109,"ORTH","Orthoptera (Adult)",1,1,0,1,0,1,1,0,0.03,2.55,"Animalia","Arthropoda","Insecta","Orthoptera","","","","","","","Terrestrial","Adult","Herbivore","Length-mass regression values from Sabo et al. 2002, Table 2."
"63",110,"OSTR","Ostracoda (Adult)",0,1,1,0,0,0,0,0,0.0016,4.24,"Animalia","Arthropoda","Ostracoda","","","","","","","","Aquatic","Adult","","Length-mass regression values from unknown source."
"64",111,"PLAN","Tricladida: Planariidae (Adult)",0,1,1,0,0,0,1,0,0.0095,2.15,"Animalia","Platyhelminthes","Rhabditophora","Tricladida","Continenticola","Planarioidea","Planariidae","","","","Aquatic","Adult","Predator","Length-mass regression values from Benke et al. 1999, Appendix 1, average of two species values."
"65",112,"TARD","Tardigrada (Adult)",0,1,1,0,0,0,0,0,NA,NA,"Animalia","Tardigrada","","","","","","","","","Aquatic","Adult","",""
"66",115,"THYS","Thysanoptera (Adult)",1,1,1,1,1,1,1,0,0.0071,2.53,"Animalia","Arthropoda","Insecta","Thysanoptera","","","","","","","Terrestrial","Adult","Herbivore","Length-mass regression values from Hodar 1996, Table 2."
"67",116,"HYPL","Trichoptera: Hydropsychidae (Larva)",0,1,1,0,0,0,0,0,0.0046,2.92,"Animalia","Arthropoda","Insecta","Trichoptera","Annulipalpia","Hydropsychoidea","Hydropsychidae","","","","Aquatic","Larva","CollectorFilterer","Length-mass regression values from Benke et al. 1999, Table 4."
"68",117,"HYDL","Trichoptera: Hydroptilidae (Larva)",0,1,1,0,0,0,1,0,0.0056,2.83,"Animalia","Arthropoda","Insecta","Trichoptera","Spicipalpia","Hydroptiloidea","Hydroptilidae","","","","Aquatic","Larva","ScraperGrazer","Length-mass regression values from Benke et al. 1999, Table 2, for Trichoptera."
"69",119,"HYDA","Trichoptera: Hydroptilidae (Adult)",1,1,1,1,1,0,1,0,0.01,2.41,"Animalia","Arthropoda","Insecta","Trichoptera","Spicipalpia","Hydroptiloidea","Hydroptilidae","","","","Aquatic","Adult","NonFeeding","Length-mass regression values from Sabo et al. 2002, Table 2, for Trichoptera."
"70",120,"RHYL","Trichoptera: Rhyacophilidae: Rhyacophila spp. (Larva)",0,1,1,0,0,0,1,0,0.0099,2.48,"Animalia","Arthropoda","Insecta","Trichoptera","Spicipalpia","Rhyacophiloidea","Rhyacophilidae","Rhyacophilinae","Rhyacophila","","Aquatic","Larva","Predator","Length-mass regression values from Benke et al. 1999, Appendix 1."
"71",121,"TRIL","Trichoptera (Larva)",1,1,1,0,0,0,1,0,0.0056,2.83,"Animalia","Arthropoda","Insecta","Trichoptera","","","","","","","Aquatic","Larva","Generalist","Length-mass regression values from Benke et al. 1999, Table 2."
"72",122,"TRIA","Trichoptera (Adult)",1,1,1,1,0,0,1,0,0.01,2.9,"Animalia","Arthropoda","Insecta","Trichoptera","","","","","","","Aquatic","Adult","Generalist","Length-mass regression values from Sabo et al. 2002, Table 2."
"73",123,"CICA","Hemiptera: Cicadidae (Adult)",1,1,0,0,0,0,1,0,0.004,3.37,"Animalia","Arthropoda","Insecta","Hemiptera","Auchenorrhyncha","Cicadoidea","Cicadidae","","","","Terrestrial","Adult","","Length-mass regression values from Sabo et al. 2002, Table 2."
"74",125,"TAMA","Coleoptera: Chrysomelidae: Diorhabda elongata-complex (Adult)",1,1,0,1,1,1,1,0,0.04,2.64,"Animalia","Arthropoda","Insecta","Coleoptera","Polyphaga","Chrysomeloidea","Chrysomelidae","Galerucinae","Diorhabda","elongata-complex","Terrestrial","Adult","Herbivore","Length-mass regression values from Sabo et al. 2002, Table 2, for Coleoptera. "
"75",129,"BLAT","Blattodea (Adult)",1,1,0,0,0,0,0,0,0.04,2.34,"Animalia","Arthropoda","Insecta","Blattodea","","","","","","","Terrestrial","Adult","","Length-mass regression values from Hodar 1996, Table 2, for Blattodea. "
"76",130,"ISOP","Isopoda (Adult)",0,0,0,0,0,1,1,0,0.0054,2.94,"Animalia","Arthropoda","Malacostraca","Isopoda","","","","","","","Terrestrial","Adult","Generalist","Length-mass regression values from Benke et al. 1999, Table 4."
"77",131,"STAA","Coleoptera: Staphylinidae (Adult)",1,1,1,1,1,1,1,0,0.001,4.02,"Animalia","Arthropoda","Insecta","Coleoptera","Polyphaga","Staphylinoidea","Staphylinidae","","","","Intermediate","Adult","PredatorWanderer","Length-mass regression values from Sabo et al. 2002, Table 3."
"78",132,"EMPA","Diptera: Empididae (Adult)",1,1,0,1,1,0,1,0,0.04,2.26,"Animalia","Arthropoda","Insecta","Diptera","Brachycera","Empidoidea","Empididae","","","","Aquatic","Adult","","Length-mass regression values from Sabo et al. 2002, Table 2, for Diptera. "
"79",160,"TICK","Ixodida (Adult)",1,1,1,0,0,1,0,0,0.05,2.33,"Animalia","Arthropoda","Arachnida","Ixodida","","","","","","","Terrestrial","Adult","Predator","Length-mass regression values from Gruner 2003, Table 2, for Arachnida. "
"80",185,"GSF","Perciformes: Centrarchidae: Lepomis cyanellus (Adult)",0,0,0,0,0,0,0,0,NA,NA,"Animalia","Chordata","Actinopterygii","Perciformes","Percoidei","Percoidea","Centrarchidae","Lepominae","Lepomis","cyanellus","Aquatic","Adult","",""
"81",196,"HYTR","Coleoptera: Hydrophilidae: Hydrophilus triangularis (Adult)",1,0,0,0,0,0,0,0,0.04,2.64,"Animalia","Arthropoda","Insecta","Coleoptera","Polyphaga","Hydrophiloidea","Hydrophilidae","Hydrophilinae","Hydrophilus","triangularis","Aquatic","Adult","CollectorGatherer","Length-mass regression values from Sabo et al. 2002, Table 2, for Coleoptera. "
"82",197,"CICI","Coleoptera: Carabidae: Cicindelinae (Subfamily) (Adult)",1,0,0,1,0,0,0,0,0.005,2.73,"Animalia","Arthropoda","Insecta","Coleoptera","Adephaga","Caraboidea","Carabidae","Cicindelinae","","","Intermediate","Adult","","Length-mass regression values from Sabo et al. 2002, Table 3, for Carabidae."
"83",198,"PSEU","Pseudoscorpiones (Adult)",1,1,0,0,0,0,0,0,0.05,2.33,"Animalia","Arthropoda","Arachnida","Pseudoscorpiones","","","","","","","Terrestrial","Adult","","Length-mass regression values from Gruner 2003, Table 2, for Arachnida. "
"84",200,"EMPP","Diptera: Empididae (Pupa)",0,1,1,0,0,0,1,0,0.0054,2.54,"Animalia","Arthropoda","Insecta","Diptera","Brachycera","Empidoidea","Empididae","","","","Aquatic","Pupa","NonFeeding","Length-mass regression values from Benke et al. 1999, Table 4, for larvae."
"85",201,"SMB","Perciformes: Centrarchidae: Micropterus dolomieu (Adult)",0,0,0,0,0,0,0,0,NA,NA,"Animalia","Chordata","Actinopterygii","Perciformes","Percoidei","Percoidea","Centrarchidae","Lepominae","Micropterus","dolomieu","Aquatic","Adult","",""
"86",202,"OPST","Hemiptera: Cicadellidae: Opsius stactogalus (Adult)",1,0,0,1,1,0,0,0,0.07,2.22,"Animalia","Arthropoda","Insecta","Hemiptera","Auchenorrhyncha","Cicadoidea","Cicadellidae","Deltocephalinae","Opsius","stactogalus","Terrestrial","Adult","","Length-mass regression values from Sabo et al. 2002, Table 3, for Cicadellidae."
"87",204,"HYLI","Lepidoptera: Sphingidae: Hyles lineata (Adult)",1,0,0,0,0,0,0,0,0.01,2.31,"Animalia","Arthropoda","Insecta","Lepidoptera","Glossota","Bombycoidea","Sphingidae","Macroglossinae","Hyles","lineata","Terrestrial","Adult","","Length-mass regression values from Gruner 2003, Table 1, for Lepidoptera."
"88",207,"PLEL","Plecoptera (Larva)",0,1,1,0,0,0,0,0,0.0094,2.75,"Animalia","Arthropoda","Insecta","Plecoptera","","","","","","","Aquatic","Larva","","Length-mass regression values from Benke et al. 1999, Table 2."
"89",208,"STB","Perciformes: Moronidae: Morone saxatilis (Adult)",0,0,0,0,0,0,0,0,NA,NA,"Animalia","Chordata","Actinopterygii","Perciformes","Percoidei","Percoidea","Moronidae","Moroninae","Morone","saxatilis","Aquatic","Adult","",""
"90",209,"MECO","Megaloptera: Corydalidae: Corydalus spp. (Adult)",1,1,0,0,0,0,0,0,2.66,-4.73,"Animalia","Arthropoda","Insecta","Megaloptera","Sialodea","Sialoidea","Corydalidae","Corydalinae","Corydalus","","Aquatic","Adult","Predator","Length-mass regression values from Sample et al. 1993, Table 1."
"91",211,"MAQU","Lepidoptera: Sphingidae: Manduca quinquemaculatus (Adult)",1,0,0,0,0,0,0,0,0.01,2.69,"Animalia","Arthropoda","Insecta","Lepidoptera","Glossota","Bombycoidea","Sphingidae","Sphinginae","Manduca","quinquemaculatus","Terrestrial","Adult","","Length-mass regression values from Sabo et al. 2002, Table 2, for Lepidoptera. "
"92",212,"TERM","Isoptera (Adult)",1,1,0,0,0,0,0,0,2.49,-3.62,"Animalia","Arthropoda","Insecta","Isoptera","","","","","","","Terrestrial","Adult","","Length-mass regression values from Sample et al. 1993, Table 1, for Insecta. "
"93",213,"LEPL","Lepidoptera (Larva)",0,1,0,1,1,0,0,0,2.96,-5.91,"Animalia","Arthropoda","Insecta","Lepidoptera","","","","","","","Terrestrial","Larva","","Length-mass regression values from Sample et al. 1993, Table 1, for Lepidoptera."
"94",214,"TAML","Coleoptera: Chrysomelidae: Diorhabda elongata-complex (Larva)",1,1,0,0,0,0,1,0,0.03,3.11,"Animalia","Arthropoda","Insecta","Coleoptera","Polyphaga","Chrysomeloidea","Chrysomelidae","Galerucinae","Diorhabda","elongata-complex","Terrestrial","Larva","","Length-mass regression values from Benke et al. 1999, Table 4, for Chrysomelidae."
"95",215,"TRIP","Trichoptera (Pupa)",0,1,1,0,0,0,0,0,0.0056,2.83,"Animalia","Arthropoda","Insecta","Trichoptera","","","","","","","Aquatic","Pupa","NonFeeding","Length-mass regression values from Benke et al. 1999, Table 2, for larvae."
"96",216,"CERP","Diptera: Ceratopogonidae (Pupa)",0,1,1,0,0,0,1,0,0.0025,2.46,"Animalia","Arthropoda","Insecta","Diptera","Nematocera","Chironomoidea","Ceratopogonidae","","","","Aquatic","Pupa","NonFeeding","Length-mass regression values from Benke et al. 1999, Table 4, for larvae."
"97",218,"LEPA","Lepidoptera (Adult)",1,1,1,1,1,1,1,0,0.01,2.69,"Animalia","Arthropoda","Insecta","Lepidoptera","","","","","","","Terrestrial","Adult","Herbivore","Length-mass regression values from Sabo et al. 2002, Table 2, for Petrophila spp."
"98",219,"RHCO","Trichoptera: Rhyacophilidae: Rhyacophila coloradensis (Adult)",1,0,0,0,1,0,0,0,0.01,2.9,"Animalia","Arthropoda","Insecta","Trichoptera","Spicipalpia","Rhyacophiloidea","Rhyacophilidae","Rhyacophilinae","Rhyacophila","coloradensis","Aquatic","Adult","Predator","Length-mass regression values from Sabo et al. 2002, Table 2, for Trichoptera. "
"99",220,"RHSP","Trichoptera: Rhyacophilidae: Rhyacophila spp. (Adult)",1,0,0,0,1,0,0,0,0.01,2.9,"Animalia","Arthropoda","Insecta","Trichoptera","Spicipalpia","Rhyacophiloidea","Rhyacophilidae","Rhyacophilinae","Rhyacophila","","Aquatic","Adult","Predator","Length-mass regression values from Sabo et al. 2002, Table 2, for Trichoptera. "
"100",221,"CHSP","Trichoptera: Philopotamidae: Chimarra spp. (Adult)",1,0,0,1,0,0,0,0,0.01,2.9,"Animalia","Arthropoda","Insecta","Trichoptera","Annulipalpia","Philopotamoidea","Philopotamidae","Chimarrinae","Chimarra","","Aquatic","Adult","CollectorFilterer","Length-mass regression values from Sabo et al. 2002, Table 2, for Trichoptera. "
"101",222,"HYOS","Trichoptera: Hydropsychidae: Hydropsyche oslari (Adult)",1,0,1,1,1,0,0,0,0.04,2.29,"Animalia","Arthropoda","Insecta","Trichoptera","Annulipalpia","Hydropsychoidea","Hydropsychidae","Hydropsychinae","Hydropsyche","oslari","Aquatic","Adult","CollectorFilterer","Length-mass regression values from Sabo et al. 2002, Table 3, for Hydropsychidae. "
"102",226,"FLEA","Siphonaptera (Adult)",1,0,0,0,0,0,0,0,2.49,-3.62,"Animalia","Arthropoda","Insecta","Siphonaptera","","","","","","","Terrestrial","Adult","","Length-mass regression values from Sample et al. 1993, Table 1, for Insecta. "
"103",228,"NOTO","Hemiptera: Notonectidae (Adult)",1,0,0,0,0,0,0,0,3.07,-4.78,"Animalia","Arthropoda","Insecta","Hemiptera","Heteroptera","Notonectoidea","Notonectidae","","","","Aquatic","Adult","","Length-mass regression values from Sample et al. 1993, Table 1, for Hemiptera. "
"104",229,"LESP","Trichoptera: Leptoceridae (Adult)",1,0,0,0,0,0,0,0,0.01,2.9,"Animalia","Arthropoda","Insecta","Trichoptera","Integripalpia","Leptoceroidea","Leptoceridae","","","","Aquatic","Adult","CollectorGatherer","Length-mass regression values from Sabo et al. 2002, Table 2, for Trichoptera. "
"105",232,"HYOC","Trichoptera: Hydropsychidae: Hydropsyche occidentalis (Adult)",1,0,0,0,0,0,0,0,0.04,2.29,"Animalia","Arthropoda","Insecta","Trichoptera","Annulipalpia","Hydropsychoidea","Hydropsychidae","Hydropsychinae","Hydropsyche","occidentalis","Aquatic","Adult","CollectorFilterer","Length-mass regression values from Sabo et al. 2002, Table 3, for Hydropsychidae. "
"106",233,"POHA","Trichoptera: Polycentropodidae: Polycentropus halidus (Adult)",1,0,0,0,0,0,0,0,0.01,2.9,"Animalia","Arthropoda","Insecta","Trichoptera","Annulipalpia","Hydropsychoidea","Polycentropodidae","Polycentropodinae","Polycentropus","halidus","Aquatic","Adult","Predator","Length-mass regression values from Sabo et al. 2002, Table 2, for Trichoptera. "
"107",234,"CHRI","Trichoptera: Philopotamidae: Chimarra ridleyi (Adult)",1,0,0,0,0,0,0,0,0.01,2.9,"Animalia","Arthropoda","Insecta","Trichoptera","Annulipalpia","Philopotamoidea","Philopotamidae","Chimarrinae","Chimarra","ridleyi","Aquatic","Adult","CollectorFilterer","Length-mass regression values from Sabo et al. 2002, Table 2, for Trichoptera. "
"108",235,"AGSP","Trichoptera: Sericostomatidae: Agarodes spp. (Adult)",1,0,0,0,0,0,0,0,0.01,2.9,"Animalia","Arthropoda","Insecta","Trichoptera","Integripalpia","Sericostomatoidea","Sericostomatidae","Sericostomatinae","Agarodes","","Aquatic","Adult","","Length-mass regression values from Sabo et al. 2002, Table 2, for Trichoptera. "
"109",236,"NESP","Trichoptera: Leptoceridae: Nectopsyche spp. (Adult)",1,0,0,0,0,0,0,0,0.01,2.9,"Animalia","Arthropoda","Insecta","Trichoptera","Integripalpia","Leptoceroidea","Leptoceridae","Leptocerinae","Nectopsyche","","Aquatic","Adult","CollectorGatherer","Length-mass regression values from Sabo et al. 2002, Table 2, for Trichoptera. "
"110",238,"HYPA","Trichoptera: Hydropsychidae (Adult)",1,1,1,0,0,0,0,0,0.04,2.29,"Animalia","Arthropoda","Insecta","Trichoptera","Annulipalpia","Hydropsychoidea","Hydropsychidae","","","","Aquatic","Adult","CollectorFilterer","Length-mass regression values from Sabo et al. 2002, Table 3, for Hydropsychidae. "
"111",239,"RHYA","Trichoptera: Rhyacophilidae (Adult)",1,1,0,0,0,0,0,0,0.01,2.9,"Animalia","Arthropoda","Insecta","Trichoptera","Spicipalpia","Rhyacophiloidea","Rhyacophilidae","","","","Aquatic","Adult","Predator","Length-mass regression values from Sabo et al. 2002, Table 2, for Trichoptera. "
"112",240,"TISP","Trichoptera: Psychomyiidae: Tinodes spp. (Adult)",1,0,0,0,0,0,0,0,0.01,2.9,"Animalia","Arthropoda","Insecta","Trichoptera","Annulipalpia","Hydropsychoidea","Psychomyiidae","Psychomyiinae","Tinodes","","Aquatic","Adult","CollectorGatherer","Length-mass regression values from Sabo et al. 2002, Table 2, for Trichoptera. "
"113",242,"CHUT","Trichoptera: Philopotamidae: Chimarra utahensis (Adult)",1,0,0,0,0,0,0,0,0.01,2.9,"Animalia","Arthropoda","Insecta","Trichoptera","Annulipalpia","Philopotamoidea","Philopotamidae","Chimarrinae","Chimarra","utahensis","Aquatic","Adult","CollectorFilterer","Length-mass regression values from Sabo et al. 2002, Table 2, for Trichoptera. "
"114",245,"HYSP","Trichoptera: Hydropsychidae: Hydropsyche spp. (Adult)",1,1,1,1,1,0,0,0,0.01,2.9,"Animalia","Arthropoda","Insecta","Trichoptera","Annulipalpia","Hydropsychoidea","Hydropsychidae","Hydropsychinae","Hydropsyche","","Aquatic","Adult","CollectorFilterer","Length-mass regression values from Sabo et al. 2002, Table 2, for Trichoptera. "
"115",247,"SMSP","Trichoptera: Hydropsychidae: Smicridea spp. (Adult)",1,0,0,0,0,0,0,0,0.04,2.29,"Animalia","Arthropoda","Insecta","Trichoptera","Annulipalpia","Hydropsychoidea","Hydropsychidae","Smicrideainae","Smicridea","","Aquatic","Adult","CollectorFilterer","Length-mass regression values from Sabo et al. 2002, Table 3, for Hydropsychidae. "
"116",248,"CHEP","Trichoptera: Hydropsychidae: Cheumatopsyche spp. (Adult)",1,0,0,0,0,0,0,0,0.04,2.29,"Animalia","Arthropoda","Insecta","Trichoptera","Annulipalpia","Hydropsychoidea","Hydropsychidae","Hydropsychinae","Cheumatopsyche","","Aquatic","Adult","CollectorFilterer","Length-mass regression values from Sabo et al. 2002, Table 3, for Hydropsychidae. "
"117",250,"HESP","Trichoptera: Helicopsychidae: Helicopsyche spp. (Adult)",1,0,0,0,0,0,0,0,0.01,2.9,"Animalia","Arthropoda","Insecta","Trichoptera","Integripalpia","Sericostomatoidea","Helicopsychidae","Helicopsychinae","Helicopsyche","","Aquatic","Adult","ScraperGrazer","Length-mass regression values from Sabo et al. 2002, Table 2, for Trichoptera. "
"118",257,"HEBO","Trichoptera: Helicopsychidae: Helicopsyche borealis (Adult)",1,0,0,0,0,0,0,0,0.01,2.9,"Animalia","Arthropoda","Insecta","Trichoptera","Integripalpia","Sericostomatoidea","Helicopsychidae","Helicopsychinae","Helicopsyche","borealis","Aquatic","Adult","ScraperGrazer","Length-mass regression values from Sabo et al. 2002, Table 2, for Trichoptera. "
"119",259,"BASP","Ephemeroptera: Baetidae: Baetis spp. (Adult)",1,1,0,0,0,0,0,0,0.01,2.49,"Animalia","Arthropoda","Insecta","Ephemeroptera","Pisciforma","Baetoidea","Baetidae","Baetinae","Baetis","","Aquatic","Adult","CollectorGatherer","Length-mass regression values from Sabo et al. 2002, Table 2, for Ephemeroptera. "
"120",261,"BRSP","Ephemeroptera: Baetidae: Barbaetis spp. (Adult)",1,0,0,0,0,0,0,0,0.01,2.49,"Animalia","Arthropoda","Insecta","Ephemeroptera","Pisciforma","Baetoidea","Baetidae","Baetinae","Barbaetis","","Aquatic","Adult","CollectorGatherer","Length-mass regression values from Sabo et al. 2002, Table 2, for Ephemeroptera. "
"121",262,"FASP","Ephemeroptera: Baetidae: Fallceon spp. (Adult)",1,0,0,0,0,0,0,0,0.01,2.49,"Animalia","Arthropoda","Insecta","Ephemeroptera","Pisciforma","Baetoidea","Baetidae","Baetinae","Fallceon","","Aquatic","Adult","CollectorGatherer","Length-mass regression values from Sabo et al. 2002, Table 2, for Ephemeroptera. "
"122",271,"BAET","Ephemeroptera: Baetidae (Adult)",1,1,0,1,1,0,0,0,0.01,2.49,"Animalia","Arthropoda","Insecta","Ephemeroptera","Pisciforma","Baetoidea","Baetidae","","","","Aquatic","Adult","CollectorGatherer","Length-mass regression values from Sabo et al. 2002, Table 2, for Ephemeroptera. "
"123",272,"LEPS","Trichoptera: Lepidostomatidae: Lepidostoma spp. (Adult)",1,0,0,0,0,0,0,0,0.01,2.9,"Animalia","Arthropoda","Insecta","Trichoptera","Integripalpia","Limnephiloidea","Lepidostomatidae","Lepidostomatinae","Lepidostoma","","Aquatic","Adult","Shredder","Length-mass regression values from Sabo et al. 2002, Table 2, for Trichoptera. "
"124",279,"OESP","Trichoptera: Leptoceridae: Oecetis spp. (Adult)",1,0,0,0,0,0,0,0,0.01,2.9,"Animalia","Arthropoda","Insecta","Trichoptera","Integripalpia","Leptoceroidea","Leptoceridae","Leptocerinae","Oecetis","","Aquatic","Adult","Predator","Length-mass regression values from Sabo et al. 2002, Table 2, for Trichoptera. "
"125",281,"GUSP","Trichoptera: Sericostomatidae: Gumaga spp. (Adult)",1,0,0,0,0,0,0,0,0.01,2.9,"Animalia","Arthropoda","Insecta","Trichoptera","Integripalpia","Sericostomatoidea","Sericostomatidae","Sericostomatinae","Gumaga","","Aquatic","Adult","","Length-mass regression values from Sabo et al. 2002, Table 2, for Trichoptera. "
"126",286,"HYQU","Trichoptera: Hydropsychidae: Hydropsyche quitchupaha (Adult)",1,0,0,0,0,0,0,0,0.04,2.29,"Animalia","Arthropoda","Insecta","Trichoptera","Annulipalpia","Hydropsychoidea","Hydropsychidae","Hydropsychinae","Hydropsyche","quitchupaha","Aquatic","Adult","CollectorFilterer","Length-mass regression values from Sabo et al. 2002, Table 3, for Hydropsychidae. "
"127",287,"CHEN","Trichoptera: Hydropsychidae: Cheumatopsyche enonis (Adult)",1,0,0,0,0,0,0,0,0.04,2.29,"Animalia","Arthropoda","Insecta","Trichoptera","Annulipalpia","Hydropsychoidea","Hydropsychidae","Hydropsychinae","Cheumatopsyche","enonis","Aquatic","Adult","CollectorFilterer","Length-mass regression values from Sabo et al. 2002, Table 3, for Hydropsychidae. "
"128",288,"SMSI","Trichoptera: Hydropsychidae: Smicridea signata (Adult)",1,0,0,0,0,0,0,0,0.04,2.29,"Animalia","Arthropoda","Insecta","Trichoptera","Annulipalpia","Hydropsychoidea","Hydropsychidae","Smicrideainae","Smicridea","signata","Aquatic","Adult","CollectorFilterer","Length-mass regression values from Sabo et al. 2002, Table 3, for Hydropsychidae. "
"129",289,"TAEN","Plecoptera: Taeniopterygidae (Adult)",1,0,0,0,0,0,0,0,0.26,1.69,"Animalia","Arthropoda","Insecta","Plecoptera","Euholognatha","Nemouroidea","Taeniopterygidae","","","","Aquatic","Adult","Shredder","Length-mass regression values from Sabo et al. 2002, Table 2, for Plecoptera. "
"130",290,"SESP","Trichoptera: Leptoceridae: Setodes spp. (Adult)",1,0,0,0,0,0,0,0,0.01,2.9,"Animalia","Arthropoda","Insecta","Trichoptera","Integripalpia","Leptoceroidea","Leptoceridae","Leptocerinae","Setodes","","Aquatic","Adult","CollectorGatherer","Length-mass regression values from Sabo et al. 2002, Table 2, for Trichoptera. "
"131",291,"HEPT","Ephemeroptera: Heptageniidae (Adult)",1,1,0,0,0,0,0,0,0.01,2.49,"Animalia","Arthropoda","Insecta","Ephemeroptera","Pisciforma","Heptagenioidea","Heptageniidae","","","","Aquatic","Adult","ScraperGrazer","Length-mass regression values from Sabo et al. 2002, Table 2, for Ephemeroptera adults. "
"132",292,"NEGR","Trichoptera: Leptoceridae: Nectopsyche gracilis (Adult)",1,0,0,0,0,0,0,0,0.01,2.9,"Animalia","Arthropoda","Insecta","Trichoptera","Integripalpia","Leptoceroidea","Leptoceridae","Leptocerinae","Nectopsyche","gracilis","Aquatic","Adult","CollectorGatherer","Length-mass regression values from Sabo et al. 2002, Table 2, for Trichoptera. "
"133",295,"HYDD","Hemiptera: Hydrometridae: Hydrometra spp. (Adult)",1,0,0,0,0,0,0,0,3.07,-4.78,"Animalia","Arthropoda","Insecta","Hemiptera","Heteroptera","Hydrometroidea","Hydrometridae","Hydrometrinae","Hydrometra","","Aquatic","Adult","","Length-mass regression values from Sample et al. 1993, Table 1, for Hemiptera. "
"134",297,"PLEC","Plecoptera (Adult)",1,1,0,1,0,0,0,0,0.26,1.69,"Animalia","Arthropoda","Insecta","Plecoptera","","","","","","","Aquatic","Adult","","Length-mass regression values from Sabo et al. 2002, Table 2, for Plecoptera. "
"135",298,"ISSP","Plecoptera: Capniidae: Isocapnia spp. (Adult)",1,0,0,0,0,0,0,0,0.26,1.69,"Animalia","Arthropoda","Insecta","Plecoptera","Euholognatha","Nemouroidea","Capniidae","Capniinae","Isocapnia","","Aquatic","Adult","Shredder","Length-mass regression values from Sabo et al. 2002, Table 2, for Plecoptera. "
"136",300,"CULP","Diptera: Culicidae (Pupa)",0,1,0,0,0,0,0,0,0.0025,2.69,"Animalia","Arthropoda","Insecta","Diptera","Nematocera","Culicoidea","Culicidae","","","","Aquatic","Pupa","NonFeeding","Length-mass regression values from Benke et al. 1999, Table 2, for Diptera larvae."
"137",303,"HYAU","Trichoptera: Hydropsychidae: Hydropsyche auricolor (Adult)",1,1,0,0,0,0,0,0,0.04,2.29,"Animalia","Arthropoda","Insecta","Trichoptera","Annulipalpia","Hydropsychoidea","Hydropsychidae","Hydropsychinae","Hydropsyche","auricolor","Aquatic","Adult","CollectorFilterer","Length-mass regression values from Sabo et al. 2002, Table 3, for Hydropsychidae. "
"138",304,"TRAS","Ephemeroptera: Leptohyphidae: Tricorythodes Asioplax (Adult)",1,0,0,0,0,0,0,0,0.01,2.49,"Animalia","Arthropoda","Insecta","Ephemeroptera","Furcatergalia","Ephemerelloidea","Leptohyphidae","Tricorythodinae","Tricorythodes","Asioplax","Aquatic","Adult","CollectorGatherer","Asioplax is subgenus. Length-mass regression values from Sabo et al. 2002, Table 2, for Ephemeroptera. "
"139",305,"CASP","Ephemeroptera: Baetidae: Camelobaetidius spp. (Adult)",1,0,0,0,0,0,0,0,0.01,2.49,"Animalia","Arthropoda","Insecta","Ephemeroptera","Pisciforma","Baetoidea","Baetidae","Baetinae","Camelobaetidius","","Aquatic","Adult","CollectorGatherer","Length-mass regression values from Sabo et al. 2002, Table 2, for Ephemeroptera. "
"140",306,"AMEL","Ephemeroptera: Ameletidae: Ameletus spp. (Adult)",1,0,0,0,0,0,0,0,0.01,2.49,"Animalia","Arthropoda","Insecta","Ephemeroptera","Pisciforma","Baetoidea","Ameletidae","Siphlonutinae","Ameletus","","Aquatic","Adult","CollectorGatherer","Length-mass regression values from Sabo et al. 2002, Table 2, for Ephemeroptera. "
"141",307,"EPAL_F","Ephemeroptera: Polymitarcyidae: Ephoron album (Adult)",1,0,0,0,0,0,0,0,0.01,2.49,"Animalia","Arthropoda","Insecta","Ephemeroptera","Furcatergalia","Ephemeroidea","Polymitarcyidae","Polymitarcyinae","Ephoron","album","Aquatic","Adult","CollectorGatherer","Females only. Length-mass regression values from Sabo et al. 2002, Table 2, for Ephemeroptera. "
"142",308,"OEAV","Trichoptera: Leptoceridae: Oecetis avara (Adult)",1,0,0,0,0,0,0,0,0.01,2.9,"Animalia","Arthropoda","Insecta","Trichoptera","Integripalpia","Leptoceroidea","Leptoceridae","Leptocerinae","Oecetis","avara","Aquatic","Adult","Predator","Species group; needs taxonomic resolution for the West, we likely have several species. Length-mass regression values from Sabo et al. 2002, Table 2, for Trichoptera. "
"143",309,"RAPH","Raphidoptera: Raphidiidae (Adult)",1,0,0,0,0,0,0,0,2.49,-3.62,"Animalia","Arthropoda","Insecta","Raphidoptera","Raphidiomorpha","Raphidoidea","Raphidiidae","","","","Terrestrial","Adult","","Length-mass regression values from Sample et al. 1993, Table 1, for Insecta. "
"144",310,"LPSP","Trichoptera: Leptoceridae: Leptocerus spp. (Adult)",1,0,0,0,0,0,0,0,0.01,2.9,"Animalia","Arthropoda","Insecta","Trichoptera","Integripalpia","Leptoceroidea","Leptoceridae","Leptocerinae","Leptocerus","","Aquatic","Adult","Shredder","Length-mass regression values from Sabo et al. 2002, Table 2, for Trichoptera. "
"145",311,"EPAL_M","Ephemeroptera: Polymitarcyidae: Ephoron album (Adult)",1,0,0,0,0,0,0,0,0.01,2.49,"Animalia","Arthropoda","Insecta","Ephemeroptera","Furcatergalia","Ephemeroidea","Polymitarcyidae","Polymitarcyinae","Ephoron","album","Aquatic","Adult","CollectorGatherer","Males only. Length-mass regression values from Sabo et al. 2002, Table 2, for Ephemeroptera. "
"146",312,"TRAV","Ephemeroptera: Leptophlebiidae: Traverella spp. (Adult)",1,0,0,0,0,0,0,0,0.01,2.49,"Animalia","Arthropoda","Insecta","Ephemeroptera","Furcatergalia","Leptophlebioidea","Leptophlebiidae","Atalophlebiinae","Traverella","","Aquatic","Adult","CollectorGatherer","Length-mass regression values from Sabo et al. 2002, Table 2, for Ephemeroptera. "
"147",313,"BRHA","Ephemeroptera: Caenidae: Brachycercus harisella (Adult)",1,0,0,0,0,0,0,0,0.01,2.49,"Animalia","Arthropoda","Insecta","Ephemeroptera","Furcatergalia","Caenoidea","Caenidae","Brachcercinae","Brachycercus","harisella","Aquatic","Adult","CollectorGatherer","Length-mass regression values from Sabo et al. 2002, Table 2, for Ephemeroptera. "
"148",314,"ACER","Ephemeroptera: Baetidae: Acerpenna spp. (Adult)",1,0,0,0,0,0,0,0,0.01,2.49,"Animalia","Arthropoda","Insecta","Ephemeroptera","Pisciforma","Baetoidea","Baetidae","Baetinae","Acerpenna","","Aquatic","Adult","CollectorGatherer","Length-mass regression values from Sabo et al. 2002, Table 2, for Ephemeroptera. "
"149",315,"EPAL","Ephemeroptera: Polymitarcyidae: Ephoron album (Adult)",1,0,0,0,0,0,0,0,0.01,2.49,"Animalia","Arthropoda","Insecta","Ephemeroptera","Furcatergalia","Ephemeroidea","Polymitarcyidae","Polymitarcyinae","Ephoron","album","Aquatic","Adult","CollectorGatherer","Length-mass regression values from Sabo et al. 2002, Table 2, for Ephemeroptera. "
"150",316,"TRAB","Ephemeroptera: Leptophlebiidae: Traverella albertana (Adult)",1,0,0,0,0,0,0,0,0.01,2.49,"Animalia","Arthropoda","Insecta","Ephemeroptera","Furcatergalia","Leptophlebioidea","Leptophlebiidae","Atalophlebiinae","Traverella","albertana","Aquatic","Adult","CollectorGatherer","Length-mass regression values from Sabo et al. 2002, Table 2, for Ephemeroptera. "
"151",317,"HYCA","Trichoptera: Hydropsychidae: Hydropsyche californica (Adult)",1,0,0,0,0,0,0,0,0.04,2.29,"Animalia","Arthropoda","Insecta","Trichoptera","Annulipalpia","Hydropsychoidea","Hydropsychidae","Hydropsychinae","Hydropsyche","californica","Aquatic","Adult","CollectorFilterer","Length-mass regression values from Sabo et al. 2002, Table 3, for Hydropsychidae. "
"152",318,"ANAB","Trichoptera: Limnephilidae: Anabolia bimaculata (Adult)",1,0,0,0,0,0,0,0,0.01,2.9,"Animalia","Arthropoda","Insecta","Trichoptera","Integripalpia","Limnephiloidea","Limnephilidae","Limnephilinae","Anabolia","bimaculata","Aquatic","Adult","Shredder","Length-mass regression values from Sabo et al. 2002, Table 2, for Trichoptera. "
"153",319,"NELA","Trichoptera: Leptoceridae: Nectopsyche lahtonensis (Adult)",1,0,0,0,0,0,0,0,0.01,2.9,"Animalia","Arthropoda","Insecta","Trichoptera","Integripalpia","Leptoceroidea","Leptoceridae","Leptocerinae","Nectopsyche","lahtonensis","Aquatic","Adult","CollectorGatherer","Length-mass regression values from Sabo et al. 2002, Table 2, for Trichoptera. "
"154",320,"POCI","Trichoptera: Polycentropodidae: Polycentropus cinerus (Adult)",1,0,0,0,0,0,0,0,0.01,2.9,"Animalia","Arthropoda","Insecta","Trichoptera","Annulipalpia","Hydropsychoidea","Polycentropodidae","Polycentropodinae","Polycentropus","cinerus","Aquatic","Adult","Predator","Length-mass regression values from Sabo et al. 2002, Table 2, for Trichoptera. "
"155",321,"CHAN","Trichoptera: Hydropsychidae: Cheumatopsyche analis (Adult)",1,0,0,0,0,0,0,0,0.04,2.29,"Animalia","Arthropoda","Insecta","Trichoptera","Annulipalpia","Hydropsychoidea","Hydropsychidae","Hydropsychinae","Cheumatopsyche","analis","Aquatic","Adult","CollectorFilterer","Length-mass regression values from Sabo et al. 2002, Table 3, for Hydropsychidae. "
"156",322,"LEPH","Ephemeroptera: Leptophlebiidae (Adult)",1,0,0,0,0,0,0,0,0.01,2.49,"Animalia","Arthropoda","Insecta","Ephemeroptera","Furcatergalia","Leptophlebioidea","Leptophlebiidae","","","","Aquatic","Adult","CollectorGatherer","Length-mass regression values from Sabo et al. 2002, Table 2, for Ephemeroptera. "
"157",323,"CAEN","Ephemeroptera: Caenidae (Adult)",1,0,0,0,0,0,0,0,0.01,2.49,"Animalia","Arthropoda","Insecta","Ephemeroptera","Furcatergalia","Caenoidea","Caenidae","","","","Aquatic","Adult","CollectorGatherer","Length-mass regression values from Sabo et al. 2002, Table 2, for Ephemeroptera. "
"158",324,"TRAE","Trichoptera: Leptoceridae: Triaenodes grisea (Adult)",1,0,0,0,0,0,0,0,0.04,2.29,"Animalia","Arthropoda","Insecta","Trichoptera","Integripalpia","Leptoceroidea","Leptoceridae","Leptocerinae","Triaenodes","grisea","Aquatic","Adult","Shredder","Length-mass regression values from Sabo et al. 2002, Table 3, for Hydropsychidae. "
"159",325,"POFL","Trichoptera: Hydropsychidae: Psychomyia flavida (Adult)",1,0,0,0,0,0,0,0,0.04,2.29,"Animalia","Arthropoda","Insecta","Trichoptera","Annulipalpia","Hydropsychoidea","Hydropsychidae","Psychomyiinae","Psychomyia","flavida","Aquatic","Adult","CollectorGatherer","Length-mass regression values from Sabo et al. 2002, Table 3, for Hydropsychidae. "
"160",326,"ALLO","Trichoptera: Apataniidae: Allomyia spp. (Adult)",1,0,0,0,0,0,0,0,0.01,2.9,"Animalia","Arthropoda","Insecta","Trichoptera","Integripalpia","Limnephiloidea","Apataniidae","Apataniinae","Allomyia","","Aquatic","Adult","ScraperGrazer","Length-mass regression values from Sabo et al. 2002, Table 2, for Trichoptera. "
"161",327,"UENO","Trichoptera: Uenoidae (Adult)",1,0,0,0,0,0,0,0,0.01,2.9,"Animalia","Arthropoda","Insecta","Trichoptera","Integripalpia","Limnephiloidea","Uenoidae","","","","Aquatic","Adult","ScraperGrazer","Length-mass regression values from Sabo et al. 2002, Table 2, for Trichoptera. "
"162",328,"NEDI","Trichoptera: Leptoceridae: Nectopsyche diarina (Adult)",1,0,0,0,0,0,0,0,0.01,2.9,"Animalia","Arthropoda","Insecta","Trichoptera","Integripalpia","Leptoceroidea","Leptoceridae","Leptocerinae","Nectopsyche","diarina","Aquatic","Adult","CollectorGatherer","Length-mass regression values from Sabo et al. 2002, Table 2, for Trichoptera. "
"163",330,"ACEN","Ephemeroptera: Baetidae: Acentrella spp. (Adult)",1,0,0,0,0,0,0,0,0.01,2.49,"Animalia","Arthropoda","Insecta","Ephemeroptera","Pisciforma","Baetoidea","Baetidae","Baetinae","Acentrella","","Aquatic","Adult","CollectorGatherer","Length-mass regression values from Sabo et al. 2002, Table 2, for Ephemeroptera. "
"164",331,"BRAM","Trichoptera: Brachycentridae: Brachycentrus americanus (Adult)",1,0,0,0,0,0,0,0,0.04,2.29,"Animalia","Arthropoda","Insecta","Trichoptera","Integripalpia","Limnephiloidea","Brachycentridae","Brachycentrinae","Brachycentrus","americanus","Aquatic","Adult","Shredder","Length-mass regression values from Sabo et al. 2002, Table 3, for Hydropsychidae. "
"165",332,"HYCO","Trichoptera: Hydropsychidae: Hydropsyche confusa (Adult)",1,0,0,0,0,0,0,0,0.04,2.29,"Animalia","Arthropoda","Insecta","Trichoptera","Annulipalpia","Hydropsychoidea","Hydropsychidae","Hydropsychinae","Hydropsyche","confusa","Aquatic","Adult","CollectorFilterer","Length-mass regression values from Sabo et al. 2002, Table 3, for Hydropsychidae. "
"166",333,"SMFA","Trichoptera: Hydropsychidae: Smicridea fasciatella (Adult)",1,0,0,0,0,0,0,0,0.04,2.29,"Animalia","Arthropoda","Insecta","Trichoptera","Annulipalpia","Hydropsychoidea","Hydropsychidae","Smicrideainae","Smicridea","fasciatella","Aquatic","Adult","CollectorFilterer","Length-mass regression values from Sabo et al. 2002, Table 3, for Hydropsychidae. "
"167",334,"THRA","Ephemeroptera: Leptophlebiidae: Thraulodes spp. (Adult)",1,0,0,0,0,0,0,0,0.01,2.49,"Animalia","Arthropoda","Insecta","Ephemeroptera","Furcatergalia","Leptophlebioidea","Leptophlebiidae","Atalophlebiinae","Thraulodes","","Aquatic","Adult","CollectorGatherer","Length-mass regression values from Sabo et al. 2002, Table 2, for Ephemeroptera. "
"168",335,"ISOA","Isopoda (Adult)",0,1,0,0,0,0,0,0,0.01,2.84,"Animalia","Arthropoda","Malacostraca","Isopoda","","","","","","","Aquatic","Adult","CollectorGatherer","Length-mass regression values from Hodar 1996, Table 2."
"169",336,"ELOP","Coleoptera: Elmidae: Optioservus spp. (Larva)",0,1,1,0,0,0,0,0,0.0074,2.88,"Animalia","Arthropoda","Insecta","Coleoptera","Polyphaga","Byrrhoidea","Elmidae","Elminae","Optioservus","","Aquatic","Larva","ScraperGrazer","Length-mass regression values from Benke et al. 1999, Table 4, for Elmidae."
"170",337,"BAEL","Ephemeroptera: Baetidae: Baetis spp. (Larva)",0,1,1,0,0,0,0,0,0.0068,2.82,"Animalia","Arthropoda","Insecta","Ephemeroptera","Pisciforma","Baetoidea","Baetidae","Baetinae","Baetis","","Aquatic","Larva","CollectorGatherer","Length-mass regression values from Benke et al. 1999, Appendix 1, average of four values."
"171",338,"ELLL","Ephemeroptera: Ephemerellidae: Ephemerella spp. (Larva)",0,1,0,0,0,0,0,0,0.01,2.55,"Animalia","Arthropoda","Insecta","Ephemeroptera","Furcatergalia","Ephemerelloidea","Ephemerellidae","Ephemerellinae","Ephemerella","","Aquatic","Larva","CollectorGatherer","Length-mass regression values from Benke et al. 1999, Appendix 1, average of two values. "
"172",339,"ELLA","Ephemeroptera: Ephemerellidae (Adult)",0,1,0,0,0,0,0,0,0.01,2.49,"Animalia","Arthropoda","Insecta","Ephemeroptera","Furcatergalia","Ephemerelloidea","Ephemerellidae","","","","Aquatic","Adult","CollectorGatherer","Length-mass regression values from Sabo et al. 2002, Table 2, for Ephemeroptera. "
"173",340,"HEPL","Ephemeroptera: Heptageniidae (Larva)",0,1,0,0,0,0,0,0,0.01,2.75,"Animalia","Arthropoda","Insecta","Ephemeroptera","Pisciforma","Heptagenioidea","Heptageniidae","","","","Aquatic","Larva","ScraperGrazer","Length-mass regression values from Benke et al. 1999, Table 4."
"174",341,"TRCL","Ephemeroptera: Leptohyphidae: Tricorythodes spp. (Larva)",0,1,0,0,0,0,0,0,0.0029,3.16,"Animalia","Arthropoda","Insecta","Ephemeroptera","Furcatergalia","Ephemerelloidea","Leptohyphidae","Tricorythodinae","Tricorythodes","","Aquatic","Larva","CollectorGatherer","Length-mass regression values from Benke et al. 1999, Appendix 1."
"175",342,"LPTA","Ephemeroptera: Leptohyphidae (Adult)",1,1,0,0,0,0,0,0,0.01,2.49,"Animalia","Arthropoda","Insecta","Ephemeroptera","Furcatergalia","Ephemerelloidea","Leptohyphidae","","","","Aquatic","Adult","CollectorGatherer","Length-mass regression values from Sabo et al. 2002, Table 2, for Ephemeroptera. "
"176",343,"ISLA","Plecoptera: Perlodidae: Isoperla spp. (Larva)",0,1,0,0,0,0,0,0,0.01,2.6,"Animalia","Arthropoda","Insecta","Plecoptera","Systellognatha","Perloidea","Perlodidae","Isoperlinae","Isoperla","","Aquatic","Larva","Predator","Length-mass regression values from Benke et al. 1999, Appendix 1, back-converted to DM using %ash"
"177",344,"HYLA","Trichoptera: Hydroptilidae: Hydroptila spp. (Larva)",0,1,1,0,0,0,0,0,0.0056,2.83,"Animalia","Arthropoda","Insecta","Trichoptera","Spicipalpia","Hydroptiloidea","Hydroptilidae","Hydroptilinae","Hydroptila","","Aquatic","Larva","ScraperGrazer","Length-mass regression values from Benke et al. 1999, Table 2, for Trichoptera."
"178",346,"NEUR","Neuroptera (Adult)",1,1,0,1,1,0,1,0,0.08,1.53,"Animalia","Arthropoda","Insecta","Neuroptera","","","","","","","Terrestrial","Adult","","Length-mass regression values from Hodar 1996, Table 2, for Neuroptera. "
"179",348,"COEN","Odonata: Coenagrionidae (Larva)",0,1,1,0,0,0,0,0,0.0051,2.78,"Animalia","Arthropoda","Insecta","Odonata","Zygoptera","Coenagrionoidea","Coenagrionidae","","","","Aquatic","Larva","Predator","Length-mass regression values from Benke et al. 1999, Table 4."
"180",349,"BRAS","Trichoptera: Brachycentridae: Brachycentrus spp. (Larva)",0,1,0,0,0,0,0,0,0.0025,2.6,"Animalia","Arthropoda","Insecta","Trichoptera","Integripalpia","Limnephiloidea","Brachycentridae","Brachycentrinae","Brachycentrus","","Aquatic","Larva","Shredder","Length-mass regression values from Benke et al. 1999, Appendix 1, for dry mass."
"181",350,"ANAG","Trichoptera: Glossosomatidae: Anagapetus spp. (Larva)",0,1,0,0,0,0,0,0,0.0082,2.95,"Animalia","Arthropoda","Insecta","Trichoptera","Spicipalpia","Hydroptiloidea","Glossosomatidae","Glossosomatinae","Anagapetus","","Aquatic","Larva","ScraperGrazer","Length-mass regression values from Benke et al. 1999, Table 4, for Glossosomatidae."
"182",351,"GYRN","Coleoptera: Gyrinidae: Gyrinus spp. (Larva)",0,1,0,0,0,0,0,0,0.0077,2.91,"Animalia","Arthropoda","Insecta","Coleoptera","Adephaga","Caraboidea","Gyrinidae","Gyrininae","Gyrinus","","Aquatic","Larva","Predator","Length-mass regression values from Benke et al. 1999, Table 2, for Coleoptera."
"183",353,"NECT","Trichoptera: Leptoceridae: Nectopsyche spp. (Larva)",0,1,0,0,0,0,0,0,2.64,3.29,"Animalia","Arthropoda","Insecta","Trichoptera","Integripalpia","Leptoceroidea","Leptoceridae","Leptocerinae","Nectopsyche","","Aquatic","Larva","CollectorGatherer","Length-mass regression values from Benke et al. 1999, Appendix 3."
"184",355,"SMIC","Trichoptera: Hydropsychidae: Smicridea spp. (Larva)",0,1,0,0,0,0,0,0,0.04,2.29,"Animalia","Arthropoda","Insecta","Trichoptera","Annulipalpia","Hydropsychoidea","Hydropsychidae","Smicrideainae","Smicridea","","Aquatic","Larva","CollectorFilterer","Length-mass regression values from Sabo et al. 2002, Table 3, for Hydropsychidae. "
"185",356,"PETR","Lepidoptera: Crambidae: Petrophila spp. (Adult)",1,0,0,0,0,0,0,0,0.01,2.69,"Animalia","Arthropoda","Insecta","Lepidoptera","Glossota","Pyraloidea","Crambidae","Nymphulinae","Petrophila","","Aquatic","Adult","Shredder","Length-mass regression values from Sabo et al. 2002, Table 2, for Petrophila spp."
"186",357,"CAES","Ephemeroptera: Caenidae: Caenis spp. (Adult)",1,0,0,0,0,0,0,0,0.01,2.49,"Animalia","Arthropoda","Insecta","Ephemeroptera","Furcatergalia","Caenoidea","Caenidae","Caeninae","Caenis","","Aquatic","Adult","CollectorGatherer","Length-mass regression values from Sabo et al. 2002, Table 2, for Ephemeroptera. "
"187",358,"LIHA","Trichoptera: Limnephilidae: Limnephilus hyalinus (Adult)",1,0,0,0,0,0,0,0,0.01,2.9,"Animalia","Arthropoda","Insecta","Trichoptera","Integripalpia","Limnephiloidea","Limnephilidae","Limnephilinae","Limnephilus","hyalinus","Aquatic","Adult","Shredder","Length-mass regression values from Sabo et al. 2002, Table 2, for Trichoptera. "
"188",359,"TRSP","Trichoptera: Leptoceridae: Triaenodes spp. (Adult)",1,0,0,0,0,0,0,0,0.01,2.9,"Animalia","Arthropoda","Insecta","Trichoptera","Integripalpia","Leptoceroidea","Leptoceridae","Leptocerinae","Triaenodes","","Aquatic","Adult","Shredder","Length-mass regression values from Sabo et al. 2002, Table 2, for Trichoptera. "
"189",362,"LISP","Trichoptera: Limnephilidae: Limnephilus spp. (Adult)",1,0,0,0,0,0,0,0,0.01,2.9,"Animalia","Arthropoda","Insecta","Trichoptera","Integripalpia","Limnephiloidea","Limnephilidae","Limnephilinae","Limnephilus","","Aquatic","Adult","Shredder","Length-mass regression values from Sabo et al. 2002, Table 2, for Trichoptera. "
"190",364,"BRCH","Trichoptera: Brachycentridae: Brachycentrus spp. (Adult)",1,0,0,0,0,0,0,0,0.01,2.9,"Animalia","Arthropoda","Insecta","Trichoptera","Integripalpia","Limnephiloidea","Brachycentridae","Brachycentrinae","Brachycentrus","","Aquatic","Adult","Shredder","Length-mass regression values from Sabo et al. 2002, Table 2, for Trichoptera. "
"191",367,"ARGR","Trichoptera: Hydropsychidae: Arctopsyche grandis (Adult)",1,0,0,0,0,0,0,0,0.04,2.29,"Animalia","Arthropoda","Insecta","Trichoptera","Annulipalpia","Hydropsychoidea","Hydropsychidae","Arctopsychinae","Arctopsyche","grandis","Aquatic","Adult","CollectorFilterer","Length-mass regression values from Sabo et al. 2002, Table 3, for Hydropsychidae. "
"192",368,"HEXA","Ephemeroptera: Ephemeridae: Hexagenia spp. (Adult)",1,0,0,0,0,0,0,0,0.01,2.49,"Animalia","Arthropoda","Insecta","Ephemeroptera","Furcatergalia","Ephemeroidea","Ephemeridae","Ephemerinae","Hexagenia","","Aquatic","Adult","CollectorGatherer","Length-mass regression values from Sabo et al. 2002, Table 2, for Ephemeroptera. "
"193",369,"EPEX","Ephemeroptera: Ephemerellidae: Ephemerella excrucians (Adult)",1,0,0,0,0,0,0,0,0.01,2.49,"Animalia","Arthropoda","Insecta","Ephemeroptera","Furcatergalia","Ephemerelloidea","Ephemerellidae","Ephemerellinae","Ephemerella","excrucians","Aquatic","Adult","CollectorGatherer","Length-mass regression values from Sabo et al. 2002, Table 2, for Ephemeroptera. "
"194",371,"NEST","Trichoptera: Leptoceridae: Nectopsyche stigmatica (Adult)",1,0,0,0,0,0,0,0,0.01,2.9,"Animalia","Arthropoda","Insecta","Trichoptera","Integripalpia","Leptoceroidea","Leptoceridae","Leptocerinae","Nectopsyche","stigmatica","Aquatic","Adult","CollectorGatherer","Length-mass regression values from Sabo et al. 2002, Table 2, for Trichoptera. "
"195",372,"HYSE","Trichoptera: Hydropsychidae: Hydropsyche separata (Adult)",1,0,0,0,0,0,0,0,0.04,2.29,"Animalia","Arthropoda","Insecta","Trichoptera","Annulipalpia","Hydropsychoidea","Hydropsychidae","Hydropsychinae","Hydropsyche","separata","Aquatic","Adult","CollectorFilterer","Length-mass regression values from Sabo et al. 2002, Table 3, for Hydropsychidae. "
"196",373,"MEGL","Megaloptera: Corydalidae: Corydalus spp. (Larva)",0,1,1,0,0,0,0,0,0.0037,2.87,"Animalia","Arthropoda","Insecta","Megaloptera","Sialodea","Sialoidea","Corydalidae","Corydalinae","Corydalus","","Aquatic","Larva","Predator","Length-mass regression values from Benke et al. 1999, Table 4."
"197",374,"RHIT","Ephemeroptera: Heptageniidae: Rhithrogena spp. (Adult)",1,0,0,0,0,0,0,0,0.01,2.49,"Animalia","Arthropoda","Insecta","Ephemeroptera","Pisciforma","Heptagenioidea","Heptageniidae","Rhithrogeninae","Rhithrogena","","Aquatic","Adult","","Length-mass regression values from Sabo et al. 2002, Table 2, for Ephemeroptera. "
"198",376,"CAAM","Ephemeroptera: Caenidae: Caenis amica (Adult)",1,0,0,0,0,0,0,0,0.01,2.49,"Animalia","Arthropoda","Insecta","Ephemeroptera","Furcatergalia","Caenoidea","Caenidae","Caeninae","Caenis","amica","Aquatic","Adult","","Length-mass regression values from Sabo et al. 2002, Table 2, for Ephemeroptera. "
"199",377,"EPSP","Ephemeroptera: Ephemerellidae: Ephemerella spp. (Adult)",1,0,0,0,0,0,0,0,0.01,2.49,"Animalia","Arthropoda","Insecta","Ephemeroptera","Furcatergalia","Ephemerelloidea","Ephemerellidae","Ephemerellinae","Ephemerella","","Aquatic","Adult","","Length-mass regression values from Sabo et al. 2002, Table 2, for Ephemeroptera. "
"200",379,"SEMI","Ephemeroptera: Ephemerellidae: Serratella micheneri (Adult)",1,0,0,0,0,0,0,0,0.01,2.49,"Animalia","Arthropoda","Insecta","Ephemeroptera","Furcatergalia","Ephemerelloidea","Ephemerellidae","Ephemerellinae","Serratella","micheneri","Aquatic","Adult","","Length-mass regression values from Sabo et al. 2002, Table 2, for Ephemeroptera. "
"201",380,"LSPI","Trichoptera: Limnephilidae: Limnephilus spinatus (Adult)",1,0,0,0,0,0,0,0,0.01,2.9,"Animalia","Arthropoda","Insecta","Trichoptera","Integripalpia","Limnephiloidea","Limnephilidae","Limnephilinae","Limnephilus","spinatus","Aquatic","Adult","","Length-mass regression values from Sabo et al. 2002, Table 2, for Trichoptera. "
"202",381,"HECO","Trichoptera: Limnephilidae: Limnephilus consimilis (Adult)",1,0,0,0,0,0,0,0,0.01,2.9,"Animalia","Arthropoda","Insecta","Trichoptera","Integripalpia","Limnephiloidea","Limnephilidae","Limnephilinae","Limnephilus","consimilis","Aquatic","Adult","","Length-mass regression values from Sabo et al. 2002, Table 2, for Trichoptera. "
"203",382,"RHBR","Trichoptera: Rhyacophilidae: Rhyacophila brunnea (Adult)",1,0,0,0,0,0,0,0,0.01,2.9,"Animalia","Arthropoda","Insecta","Trichoptera","Spicipalpia","Rhyacophiloidea","Rhyacophilidae","Rhyacophilinae","Rhyacophila","brunnea","Aquatic","Adult","","Length-mass regression values from Sabo et al. 2002, Table 2, for Trichoptera. "
"204",384,"BROC","Trichoptera: Brachycentridae: Brachycentrus occidentalis (Adult)",1,0,0,0,0,0,0,0,0.01,2.9,"Animalia","Arthropoda","Insecta","Trichoptera","Integripalpia","Limnephiloidea","Brachycentridae","Brachycentrinae","Brachycentrus","occidentalis","Aquatic","Adult","","Length-mass regression values from Sabo et al. 2002, Table 2, for Trichoptera. "
"205",385,"EPTI","Ephemeroptera: Ephemerellidae: Ephemerella tibialis (Adult)",1,0,0,0,0,0,0,0,0.01,2.49,"Animalia","Arthropoda","Insecta","Ephemeroptera","Furcatergalia","Ephemerelloidea","Ephemerellidae","Ephemerellinae","Ephemerella","tibialis","Aquatic","Adult","","AKA Serratella tibialis. Length-mass regression values from Sabo et al. 2002, Table 2, for Ephemeroptera. "
"206",386,"POLP","Trichoptera: Polycentropodidae: Polycentropus spp. (Adult)",1,0,0,0,1,0,0,0,0.01,2.9,"Animalia","Arthropoda","Insecta","Trichoptera","Annulipalpia","Hydropsychoidea","Polycentropodidae","Polycentropodinae","Polycentropus","","Aquatic","Adult","","Length-mass regression values from Sabo et al. 2002, Table 2, for Trichoptera. "
"207",387,"BRMI","Trichoptera: Brachycentridae: Micrasema spp. (Adult)",1,0,0,0,0,0,0,0,0.01,2.9,"Animalia","Arthropoda","Insecta","Trichoptera","Integripalpia","Limnephiloidea","Brachycentridae","Brachycentrinae","Micrasema","","Aquatic","Adult","","Length-mass regression values from Sabo et al. 2002, Table 2, for Trichoptera. "
"208",388,"HPER","Plecoptera: Perlidae: Hesperoperla spp. (Adult)",1,0,0,0,0,0,0,0,0.008,2.81,"Animalia","Arthropoda","Insecta","Plecoptera","Systellognatha","Perloidea","Perlidae","Acroneuriinae","Hesperoperla","","Aquatic","Adult","","Length-mass regression values from Sabo et al. 2002, Table 3, for Perlidae. "
"209",390,"ISPR","Plecoptera: Perlodidae: Isoperla spp. (Adult)",1,0,0,0,0,0,0,0,0.26,1.69,"Animalia","Arthropoda","Insecta","Plecoptera","Systellognatha","Perloidea","Perlodidae","Isoperlinae","Isoperla","","Aquatic","Adult","","Length-mass regression values from Sabo et al. 2002, Table 2, for Plecoptera. "
"210",391,"EPHS","Ephemeroptera: Ephemeridae: Ephemera spp. (Adult)",1,0,0,0,0,0,0,0,0.01,2.49,"Animalia","Arthropoda","Insecta","Ephemeroptera","Furcatergalia","Ephemeroidea","Ephemeridae","Ephemerinae","Ephemera","","Aquatic","Adult","","Length-mass regression values from Sabo et al. 2002, Table 2, for Ephemeroptera. "
"211",395,"BRAT","Diptera: Brachycera (Suborder) (Adult)",0,0,0,1,1,0,0,0,0.006,3.05,"Animalia","Arthropoda","Insecta","Diptera","Brachycera","","","","","","Intermediate","Adult","","Length-mass regression values from Sabo et al. 2002, Table 2."
"212",399,"PSOC","Psocoptera (Adult)",1,1,0,1,1,0,0,0,0.04,1.63,"Animalia","Arthropoda","Insecta","Psocoptera","","","","","","","Terrestrial","Adult","","Length-mass regression values from Hodar 1996, Table 2."
"213",400,"PSYC","Diptera: Psychodidae (Adult)",1,1,0,1,1,0,0,0,0.04,2.26,"Animalia","Arthropoda","Insecta","Diptera","Nematocera","Psychodoidea","Psychodidae","","","","Aquatic","Adult","","Length-mass regression values from Sabo et al. 2002, Table 2, for Diptera. "
"214",404,"EPSI","Ephemeroptera: Ephemeridae: Ephemera simulans (Adult)",1,0,0,0,0,0,0,0,0.01,2.49,"Animalia","Arthropoda","Insecta","Ephemeroptera","Furcatergalia","Ephemeroidea","Ephemeridae","Ephemerinae","Ephemera","simulans","Aquatic","Adult","","Length-mass regression values from Sabo et al. 2002, Table 2, for Ephemeroptera. "
"215",405,"ACRO","Plecoptera: Perlidae: Acroneuria spp. (Adult)",1,0,0,0,0,0,0,0,0.008,2.81,"Animalia","Arthropoda","Insecta","Plecoptera","Systellognatha","Perloidea","Perlidae","Acroneuriinae","Acroneuria","","Aquatic","Adult","","Length-mass regression values from Sabo et al. 2002, Table 3, for Perlidae. "
"216",406,"CHLA","Trichoptera: Hydropsychidae: Cheumatopsyche lasia (Adult)",1,0,0,0,0,0,0,0,0.04,2.29,"Animalia","Arthropoda","Insecta","Trichoptera","Annulipalpia","Hydropsychoidea","Hydropsychidae","Hydropsychinae","Cheumatopsyche","lasia","Aquatic","Adult","","Length-mass regression values from Sabo et al. 2002, Table 3, for Hydropsychidae. "
"217",407,"CSPE","Trichoptera: Hydropsychidae: Cheumatopsyche speciosa (Adult)",1,0,0,0,0,0,0,0,0.04,2.29,"Animalia","Arthropoda","Insecta","Trichoptera","Annulipalpia","Hydropsychoidea","Hydropsychidae","Hydropsychinae","Cheumatopsyche","speciosa","Aquatic","Adult","","Length-mass regression values from Sabo et al. 2002, Table 3, for Hydropsychidae. "
"218",408,"HCOC","Trichoptera: Hydropsychidae: Hydropsyche cockerelli (Adult)",1,0,0,0,0,0,0,0,0.04,2.29,"Animalia","Arthropoda","Insecta","Trichoptera","Annulipalpia","Hydropsychoidea","Hydropsychidae","Hydropsychinae","Hydropsyche","cockerelli","Aquatic","Adult","","Length-mass regression values from Sabo et al. 2002, Table 3, for Hydropsychidae. "
"219",409,"LEBI","Trichoptera: Lepidostomatidae: Lepidostoma bakeri (Adult)",1,0,0,0,0,0,0,0,0.01,2.9,"Animalia","Arthropoda","Insecta","Trichoptera","Integripalpia","Limnephiloidea","Lepidostomatidae","Lepidostomatinae","Lepidostoma","bakeri","Aquatic","Adult","","Length-mass regression values from Sabo et al. 2002, Table 2, for Trichoptera. "
"220",410,"NEMI","Trichoptera: Leptoceridae: Nectopsyche minuta (Adult)",1,0,0,0,0,0,0,0,0.01,2.9,"Animalia","Arthropoda","Insecta","Trichoptera","Integripalpia","Leptoceroidea","Leptoceridae","Leptocerinae","Nectopsyche","minuta","Aquatic","Adult","","Length-mass regression values from Sabo et al. 2002, Table 2, for Trichoptera. "
"221",411,"TRRU","Trichoptera: Leptoceridae: Triaenodes ruiteri (Adult)",1,0,0,0,0,0,0,0,0.01,2.9,"Animalia","Arthropoda","Insecta","Trichoptera","Integripalpia","Leptoceroidea","Leptoceridae","Leptocerinae","Triaenodes","ruiteri","Aquatic","Adult","","Length-mass regression values from Sabo et al. 2002, Table 2, for Trichoptera. "
"222",412,"DIAT","Trichoptera: Limnephilidae: Dicosmoecus atripes (Adult)",1,0,0,0,0,0,0,0,0.01,2.9,"Animalia","Arthropoda","Insecta","Trichoptera","Integripalpia","Limnephiloidea","Limnephilidae","Dicosmoecinae","Dicosmoecus","atripes","Aquatic","Adult","","Length-mass regression values from Sabo et al. 2002, Table 2, for Trichoptera. "
"223",413,"HEDI","Trichoptera: Limnephilidae: Hesperophylax designatus (Adult)",1,0,0,0,0,0,0,0,0.01,2.9,"Animalia","Arthropoda","Insecta","Trichoptera","Integripalpia","Limnephiloidea","Limnephilidae","Limnephilinae","Hesperophylax","designatus","Aquatic","Adult","","Length-mass regression values from Sabo et al. 2002, Table 2, for Trichoptera. "
"224",414,"ONUN","Trichoptera: Limnephilidae: Onocosmoecus unicolor (Adult)",1,0,0,0,0,0,0,0,0.01,2.9,"Animalia","Arthropoda","Insecta","Trichoptera","Integripalpia","Limnephiloidea","Limnephilidae","Dicosmoecinae","Onocosmoecus","unicolor","Aquatic","Adult","","Length-mass regression values from Sabo et al. 2002, Table 2, for Trichoptera. "
"225",415,"PSSU","Trichoptera: Limnephilidae: Psychoglypha subborealis (Adult)",1,0,0,0,0,0,0,0,0.01,2.9,"Animalia","Arthropoda","Insecta","Trichoptera","Integripalpia","Limnephiloidea","Limnephilidae","Limnephilinae","Psychoglypha","subborealis","Aquatic","Adult","","Length-mass regression values from Sabo et al. 2002, Table 2, for Trichoptera. "
"226",416,"TIPR","Trichoptera: Psychomyiidae: Tinodes provo (Adult)",1,0,0,0,0,0,0,0,0.01,2.9,"Animalia","Arthropoda","Insecta","Trichoptera","Annulipalpia","Hydropsychoidea","Psychomyiidae","Psychomyiinae","Tinodes","provo","Aquatic","Adult","","Length-mass regression values from Sabo et al. 2002, Table 2, for Trichoptera. "
"227",418,"NEOC","Ephemeroptera: Leptophlebiidae: Neochoroterpes spp. (Adult)",1,0,0,0,0,0,0,0,0.01,2.49,"Animalia","Arthropoda","Insecta","Ephemeroptera","Furcatergalia","Leptophlebioidea","Leptophlebiidae","Atalophlebiinae","Neochoroterpes","","Aquatic","Adult","","Length-mass regression values from Sabo et al. 2002, Table 2, for Ephemeroptera. "
"228",419,"LYCO","Araneae: Lycosidae (Adult)",0,0,0,0,0,1,0,0,0.05,2.74,"Animalia","Arthropoda","Arachnida","Araneae","Opisthothelae","Lycosoidea","Lycosidae","","","","Terrestrial","Adult","PredatorWanderer","Length-mass regression values from Sabo et al. 2002, Table 2, for Araneae."
"229",420,"GNAP","Araneae: Gnaphosidae (Adult)",0,0,0,0,0,1,0,0,0.05,2.74,"Animalia","Arthropoda","Arachnida","Araneae","Opisthothelae","Gnaphosoidea","Gnaphosidae","","","","Terrestrial","Adult","PredatorWanderer","Length-mass regression values from Sabo et al. 2002, Table 2, for Araneae."
"230",421,"ARAN","Araneae: Araneidae (Adult)",0,0,0,0,0,1,0,0,0.05,2.74,"Animalia","Arthropoda","Arachnida","Araneae","Araneomorphae","Araneoidea","Araneidae","","","","Terrestrial","Adult","PredatorWebbed","Length-mass regression values from Sabo et al. 2002, Table 2, for Araneae."
"231",422,"COLA","Coleoptera (Larva)",0,1,0,0,1,1,1,0,0.0077,2.91,"Animalia","Arthropoda","Insecta","Coleoptera","","","","","","","Terrestrial","Larva","Generalist","Length-mass regression values from Benke et al. 1999, Table 2."
"232",423,"SALT","Araneae: Salticidae (Adult)",0,0,0,0,0,1,0,0,0.05,2.74,"Animalia","Arthropoda","Arachnida","Araneae","Opisthothelae","Salticoidea","Salticidae","","","","Terrestrial","Adult","PredatorGround","Length-mass regression values from Sabo et al. 2002, Table 2, for Araneae."
"233",424,"TETR","Araneae: Tetragnathidae (Adult)",0,0,0,0,0,1,0,0,0.05,2.74,"Animalia","Arthropoda","Arachnida","Araneae","Araneomorphae","Araneoidea","Tetragnathidae","","","","Terrestrial","Adult","PredatorWebbed","Length-mass regression values from Sabo et al. 2002, Table 2, for Araneae."
"234",427,"DICT","Araneae: Dictynidae (Adult)",0,0,0,0,0,1,0,0,0.05,2.74,"Animalia","Arthropoda","Arachnida","Araneae","Opisthothelae","Dictynoidea","Dictynidae","","","","Terrestrial","Adult","PredatorWanderer","Length-mass regression values from Sabo et al. 2002, Table 2, for Araneae."
"235",428,"OXYO","Araneae: Oxyopidae (Adult)",0,0,0,0,0,1,0,0,0.05,2.74,"Animalia","Arthropoda","Arachnida","Araneae","Opisthothelae","Lycosoidea","Oxyopidae","","","","Terrestrial","Adult","PredatorWanderer","Length-mass regression values from Sabo et al. 2002, Table 2, for Araneae."
"236",429,"LIOC","Araneae: Liocranidae (Adult)",0,0,0,0,0,1,0,0,0.05,2.74,"Animalia","Arthropoda","Arachnida","Araneae","Opisthothelae","Corinnoidea","Liocranidae","","","","Terrestrial","Adult","PredatorWanderer","Length-mass regression values from Sabo et al. 2002, Table 2, for Araneae."
"237",431,"HYDE","Trichoptera: Hydropsychidae: Hydropsyche spp. (Larva)",0,1,1,0,0,0,0,0,0.0048,2.97,"Animalia","Arthropoda","Insecta","Trichoptera","Annulipalpia","Hydropsychoidea","Hydropsychidae","Hydropsychinae","Hydropsyche","","Aquatic","Larva","CollectorFilterer","Length-mass regression values from Benke et al. 1999, Appendix 1, average of six species of Hydropsyche."
"238",432,"LETR","Trichoptera: Hydroptilidae: Leucotrichia spp. (Larva)",0,1,1,0,0,0,0,0,0.0056,2.83,"Animalia","Arthropoda","Insecta","Trichoptera","Spicipalpia","Hydroptiloidea","Hydroptilidae","Hydroptilinae","Leucotrichia","","Aquatic","Larva","CollectorGatherer","Length-mass regression values from Benke et al. 1999, Table 2, for Trichoptera."
"239",433,"OCHR","Trichoptera: Hydroptilidae: Ochrotrichia spp. (Larva)",0,1,1,0,0,0,0,0,0.0056,2.83,"Animalia","Arthropoda","Insecta","Trichoptera","Spicipalpia","Hydroptiloidea","Hydroptilidae","Hydroptilinae","Ochrotrichia","","Aquatic","Larva","CollectorGatherer","Includes Metrichia. Taxonomy unresolved; difficult to differentiate. Metrichia may be a subgenus. Length-mass regression values from Benke et al. 1999, Table 2, for Trichoptera."
"240",434,"CHIM","Trichoptera: Philopotamidae: Chimarra spp. (Larva)",0,0,1,0,0,0,0,0,0.005,2.67,"Animalia","Arthropoda","Insecta","Trichoptera","Annulipalpia","Philopotamoidea","Philopotamidae","Chimarrinae","Chimarra","","Aquatic","Larva","CollectorGatherer","Length-mass regression values from Benke et al. 1999, Appendix 1, average of two values."
"241",435,"HELI","Trichoptera: Helicopsychidae: Helicopsyche spp. (Larva)",0,0,1,0,0,0,0,0,0.01,3.09,"Animalia","Arthropoda","Insecta","Trichoptera","Integripalpia","Sericostomatoidea","Helicopsychidae","Helicopsychinae","Helicopsyche","","Aquatic","Larva","ScraperGrazer","Length-mass regression values from Benke et al. 1999, Appendix 1, for case width."
"242",436,"ACLA","Ephemeroptera: Baetidae: Acentrella spp. (Larva)",0,1,1,0,0,0,0,0,0.0096,2.75,"Animalia","Arthropoda","Insecta","Ephemeroptera","Pisciforma","Baetoidea","Baetidae","Baetinae","Acentrella","","Aquatic","Larva","CollectorGatherer","Length-mass regression values from Johnston et al. 1999, Table 2.  "
"243",438,"LEPT","Ephemeroptera: Leptophlebiidae (Larva)",0,0,1,0,0,0,0,0,0.0047,2.68,"Animalia","Arthropoda","Insecta","Ephemeroptera","Furcatergalia","Leptophlebioidea","Leptophlebiidae","","","","Aquatic","Larva","Shredder","Length-mass regression values from Benke et al. 1999, Table 4."
"244",439,"CAPN","Plecoptera: Capniidae (Larva)",0,1,1,0,0,0,0,0,0.0049,2.56,"Animalia","Arthropoda","Insecta","Plecoptera","Euholognatha","Nemouroidea","Capniidae","","","","Aquatic","Larva","Shredder","Length-mass regression values from Benke et al. 1999, Table 4."
"245",440,"CULL","Diptera: Culicidae (Larva)",0,0,0,0,0,0,0,0,0.0025,2.69,"Animalia","Arthropoda","Insecta","Diptera","Nematocera","Culicoidea","Culicidae","","","","Aquatic","Larva","","Length-mass regression values from Benke et al. 1999, Table 2, for Diptera."
"246",444,"HEMR","Diptera: Empididae: Hemerodromia spp. (Larva)",0,1,1,0,0,0,0,0,0.0066,2.44,"Animalia","Arthropoda","Insecta","Diptera","Brachycera","Empidoidea","Empididae","Hemerodromiinae","Hemerodromia","","Aquatic","Larva","Generalist","Length-mass regression values from Benke et al. 1999, Appendix 1, for Empididae."
"247",447,"MARU","Diptera: Psychodidae: Maruina spp. (Larva)",0,0,1,0,0,0,0,0,0.0025,2.69,"Animalia","Arthropoda","Insecta","Diptera","Nematocera","Psychodoidea","Psychodidae","Psychodinae","Maruina","","Aquatic","Larva","CollectorGatherer","Length-mass regression values from Benke et al. 1999, Table 2, for Diptera."
"248",448,"PROB","Diptera: Ceratopogonidae: Probezzia spp. (Larva)",0,0,1,0,0,0,0,0,0.0025,2.46,"Animalia","Arthropoda","Insecta","Diptera","Nematocera","Chironomoidea","Ceratopogonidae","Ceratopogoninae","Probezzia","","Aquatic","Larva","Predator","Length-mass regression values from Benke et al. 1999, Table 4, for Ceratopogonidae."
"249",449,"TABS","Diptera: Tabanidae: Tabanus spp. (Larva)",0,0,1,0,0,0,0,0,0.005,2.59,"Animalia","Arthropoda","Insecta","Diptera","Brachycera","Tabanoidea","Tabanidae","Tabaninae","Tabanus","","Aquatic","Larva","Predator","Length-mass regression values from Benke et al. 1999, Appendix 1."
"250",450,"CALO","Diptera: Stratiomyidae: Caloparyphus spp. (Larva)",0,1,1,0,0,0,0,0,0.0025,2.69,"Animalia","Arthropoda","Insecta","Diptera","Brachycera","Stratiomyoidea","Stratiomyidae","Stratyomyinae","Caloparyphus","","Aquatic","Larva","CollectorGatherer","Length-mass regression values from Benke et al. 1999, Table 2, for Diptera."
"251",451,"ARGI","Odonata: Coenagrionidae: Argia spp. (Larva)",0,0,1,0,0,0,0,0,0.0086,2.66,"Animalia","Arthropoda","Insecta","Odonata","Zygoptera","Coenagrionoidea","Coenagrionidae","Argiinae","Argia","","Aquatic","Larva","Predator","Length-mass regression values from Benke et al. 1999, Appendix 1."
"252",452,"MCYL","Coleoptera: Elmidae: Microcylloepus spp. (Larva)",0,1,1,0,0,0,0,0,0.0074,2.87,"Animalia","Arthropoda","Insecta","Coleoptera","Polyphaga","Byrrhoidea","Elmidae","Elminae","Microcylloepus","","Aquatic","Larva","CollectorGatherer","Length-mass regression values from Benke et al. 1999, Table 4, for Elmidae."
"253",453,"PETL","Lepidoptera: Crambidae: Petrophila spp. (Larva)",0,1,1,0,0,0,0,0,0.0033,2.91,"Animalia","Arthropoda","Insecta","Lepidoptera","Glossota","Pyraloidea","Crambidae","Nymphulinae","Petrophila","","Aquatic","Larva","Shredder","Length-mass regression values from Benke et al. 1999, Appendix 1, back-converted to DM using %ash."
"254",454,"HETA","Odonata: Calopterygidae: Hetaerina spp. (Larva)",0,0,1,0,0,0,0,0,0.005,2.74,"Animalia","Arthropoda","Insecta","Odonata","Zygoptera","Calopterygoidea","Calopterygidae","Hetaerininae","Hetaerina","","Aquatic","Larva","Predator","Length-mass regression values from Benke et al. 1999, Table 4, for Calopterygidae."
"255",455,"FUNG","Diptera: Sciaroidea (Superfamily) (Adult)",1,1,0,1,1,1,1,0,0.04,2.26,"Animalia","Arthropoda","Insecta","Diptera","Nematocera","Sciaroidea","","","","","Terrestrial","Adult","","Includes Sciaridae, Diadocidiidae, Ditomyiidae, Keroplatidae, Bolitophilidae, and Mycetophilidae, and Cecidomyiidae. Length-mass regression values from Sabo et al. 2002, Table 2, for Diptera. "
"256",456,"MCYA","Coleoptera: Elmidae: Microcylloepus spp. (Adult)",1,1,1,0,0,0,0,0,0.04,2.64,"Animalia","Arthropoda","Insecta","Coleoptera","Polyphaga","Byrrhoidea","Elmidae","Elminae","Microcylloepus","","Aquatic","Adult","CollectorGatherer","Length-mass regression values from Sabo et al. 2002, Table 2, for Coleoptera. "
"257",457,"TABL","Diptera: Tabanidae (Larva)",0,0,1,0,0,0,0,0,0.005,2.59,"Animalia","Arthropoda","Insecta","Diptera","Brachycera","Tabanoidea","Tabanidae","","","","Aquatic","Larva","Predator","Length-mass regression values from Benke et al. 1999, Table 4."
"258",460,"ELOA","Coleoptera: Elmidae: Optioservus spp. (Adult)",0,1,0,0,0,0,0,0,0.04,2.64,"Animalia","Arthropoda","Insecta","Coleoptera","Polyphaga","Byrrhoidea","Elmidae","Elminae","Optioservus","","Aquatic","Adult","","Length-mass regression values from Sabo et al. 2002, Table 2, for Coleoptera. "
"259",462,"LIBE","Odonata: Libellulidae (Larva)",0,0,1,0,0,0,0,0,0.0076,2.8,"Animalia","Arthropoda","Insecta","Odonata","Anisoptera","Libelluloidea","Libellulidae","","","","Aquatic","Larva","Predator","Length-mass regression values from Benke et al. 1999, Table 4. "
"260",464,"POLL","Trichoptera: Polycentropodidae: Polycentropus spp. (Larva)",0,0,1,0,0,0,0,0,0.0071,2.53,"Animalia","Arthropoda","Insecta","Trichoptera","Annulipalpia","Hydropsychoidea","Polycentropodidae","Polycentropodinae","Polycentropus","","Aquatic","Larva","Predator","Length-mass regression values from Benke et al. 1999, Table 4, for dry mass."
"261",467,"NEMT","Diptera: Nematocera (Suborder) (Adult)",1,1,0,1,0,0,0,0,0.1,1.57,"Animalia","Arthropoda","Insecta","Diptera","Nematocera","","","","","","Intermediate","Adult","","Length-mass regression values from Sabo et al. 2002, Table 2."
"262",468,"ANTH","Ephemeroptera: Potamanthidae: Anthopotamus spp. (Adult)",1,0,0,0,0,0,0,0,0.0071,2.83,"Animalia","Arthropoda","Insecta","Ephemeroptera","Furcatergalia","Potamanthoidea","Potamanthidae","Potamanthiinae","Anthopotamus","","Aquatic","Adult","","Length-mass regression values from Benke et al. 1999, Table 2, for Ephemeroptera. "
"263",469,"XIPH","Trichoptera: Xiphocentronidae (Adult)",1,0,0,0,0,0,0,0,0.01,2.9,"Animalia","Arthropoda","Insecta","Trichoptera","Annulipalpia","Hydropsychoidea","Xiphocentronidae","","","","Aquatic","Adult","","Length-mass regression values from Sabo et al. 2002, Table 2, for Trichoptera. "
"264",470,"HETE","Trichoptera: Calamoceratidae: Heteroplectron spp. (Adult)",1,0,0,0,0,0,0,0,0.01,2.9,"Animalia","Arthropoda","Insecta","Trichoptera","Integripalpia","Leptoceroidea","Calamoceratidae","Calamoceratinae","Heteroplectron","","Aquatic","Adult","","Length-mass regression values from Sabo et al. 2002, Table 2, for Trichoptera. "
"265",471,"PESP","Ephemeroptera: Ephemeridae: Pentagenia spp. (Adult)",1,0,0,0,0,0,0,0,0.01,2.49,"Animalia","Arthropoda","Insecta","Ephemeroptera","Furcatergalia","Ephemeroidea","Ephemeridae","Palingeniinae","Pentagenia","","Aquatic","Adult","","Length-mass regression values from Sabo et al. 2002, Table 2, for Ephemeroptera. "
"266",472,"MYST","Trichoptera: Leptoceridae: Mystacides spp. (Adult)",1,0,0,0,0,0,0,0,0.01,2.9,"Animalia","Arthropoda","Insecta","Trichoptera","Integripalpia","Leptoceroidea","Leptoceridae","Leptocerinae","Mystacides","","Aquatic","Adult","","Length-mass regression values from Sabo et al. 2002, Table 2, for Trichoptera. "
"267",473,"EPIN","Ephemeroptera: Ephemerellidae: Ephemerella inermis (Adult)",1,0,0,0,0,0,0,0,0.01,2.49,"Animalia","Arthropoda","Insecta","Ephemeroptera","Furcatergalia","Ephemerelloidea","Ephemerellidae","Ephemerellinae","Ephemerella","inermis","Aquatic","Adult","","Length-mass regression values from Sabo et al. 2002, Table 2, for Ephemeroptera. "
"268",474,"QUAG","Veneroida: Dreissenidae: Dreissena bugensis (Adult)",0,1,1,0,0,0,1,0,0.03,2.73,"Animalia","Mollusca","Bivalvia","Veneroida","Dreissenacea","Dreissenoidea","Dreissenidae","Dreisseninae","Dreissena","bugensis","Aquatic","Adult","CollectorFilterer","Length-mass regression values from Benke et al. 1999, Appendix 2, average value for all species listed under Bivalvia, for AFDM."
"269",476,"DYTA","Coleoptera: Dytiscidae (Adult)",1,0,0,0,0,0,0,0,0.06,2.5,"Animalia","Arthropoda","Insecta","Coleoptera","Adephaga","Dytiscoidea","Dytiscidae","","","","Aquatic","Adult","","Length-mass regression values from Benke et al. 1999, Appendix 1, for Hydroporus spp."
"270",478,"RHAG","Hemiptera: Veliidae: Rhagovelia spp. (Adult)",0,0,1,0,0,0,0,0,0.0083,2.77,"Animalia","Arthropoda","Insecta","Hemiptera","Heteroptera","Gerroidea","Veliidae","Rhagoveliinae","Rhagovelia","","Aquatic","Adult","Predator","Length-mass regression values from Benke et al. 1999, Appendix 1."
"271",479,"TINL","Trichoptera: Psychomyiidae: Tinodes spp. (Larva)",0,0,1,0,0,0,0,0,0.39,2.87,"Animalia","Arthropoda","Insecta","Trichoptera","Annulipalpia","Hydropsychoidea","Psychomyiidae","Psychomyiinae","Tinodes","","Aquatic","Larva","CollectorGatherer","Length-mass regression values from Benke et al. 1999, Appendix 1, for Lype diversa."
"272",480,"SILV","Diptera: Tabanidae: Silvius spp. (Larva)",0,0,1,0,0,0,0,0,0.005,2.59,"Animalia","Arthropoda","Insecta","Diptera","Brachycera","Tabanoidea","Tabanidae","Chrysopsinae","Silvius","","Aquatic","Larva","Predator","Length-mass regression values from Benke et al. 1999, Appendix 1, for Tabanus spp. "
"273",481,"DIXL","Diptera: Dixidae: Dixa spp. (Larva)",0,1,1,0,0,0,0,0,0.0025,2.69,"Animalia","Arthropoda","Insecta","Diptera","Nematocera","Culicoidea","Dixidae","Dixinae","Dixa","","Aquatic","Larva","CollectorFilterer","Length-mass regression values from Benke et al. 1999, Table 2, for Diptera."
"274",482,"WIEL","Diptera: Empididae: Wiedemannia spp. (Larva)",0,1,1,0,0,0,0,0,0.0066,2.43,"Animalia","Arthropoda","Insecta","Diptera","Brachycera","Empidoidea","Empididae","Empidinae","Wiedemannia","","Aquatic","Larva","Generalist","Length-mass regression values from Benke et al. 1999, Appendix 1, for Empididae."
"275",483,"DICL","Diptera: Tipulidae: Dicranota spp. (Larva)",0,0,1,0,0,0,0,0,0.0028,2.63,"Animalia","Arthropoda","Insecta","Diptera","Nematocera","Tipuloidea","Tipulidae","Limoniinae","Dicranota","","Aquatic","Larva","Shredder","Length-mass regression values from Benke et al. 1999, Appendix 1, back-converted to DM using %ash."
"276",485,"WIEA","Diptera: Empididae: Wiedemannia spp. (Adult)",1,1,1,0,0,0,1,0,0.04,2.26,"Animalia","Arthropoda","Insecta","Diptera","Brachycera","Empidoidea","Empididae","Empidinae","Wiedemannia","","Aquatic","Adult","Herbivore","Length-mass regression values from Sabo et al. 2002, Table 2, for Diptera. "
"277",486,"POLY","Trichoptera: Polycentropodidae (Larva)",0,0,1,0,0,0,0,0,0.0047,2.7,"Animalia","Arthropoda","Insecta","Trichoptera","Annulipalpia","Hydropsychoidea","Polycentropodidae","","","","Aquatic","Larva","CollectorGatherer","Length-mass regression values from Benke et al. 1999, Table 4."
"278",487,"RHCL","Trichoptera: Rhyacophilidae: Rhyacophila coloradensis (Larva)",0,0,1,0,0,0,0,0,0.0099,2.48,"Animalia","Arthropoda","Insecta","Trichoptera","Spicipalpia","Rhyacophiloidea","Rhyacophilidae","Rhyacophilinae","Rhyacophila","coloradensis","Aquatic","Larva","Predator","Length-mass regression values from Benke et al. 1999, Appendix 1, for Rhyacophilidae spp. "
"279",488,"CAPL","Plecoptera: Capniidae: Capnia spp. (Larva)",0,0,1,0,0,0,0,0,0.0049,2.56,"Animalia","Arthropoda","Insecta","Plecoptera","Euholognatha","Nemouroidea","Capniidae","Capniinae","Capnia","","Aquatic","Larva","Shredder","Length-mass regression values from Benke et al. 1999, Table 4, for Capniidae."
"280",489,"CAPA","Plecoptera: Capniidae (Adult)",0,0,1,0,0,0,0,0,0.26,1.69,"Animalia","Arthropoda","Insecta","Plecoptera","Euholognatha","Nemouroidea","Capniidae","","","","Aquatic","Adult","Herbivore","Length-mass regression values from Sabo et al. 2002, Table 2, for Plecoptera. "
"281",490,"TAPL","Anura (Larva)",0,0,1,0,0,0,0,0,NA,NA,"Animalia","Chordata","Amphibia","Anura","","","","","","","Aquatic","Larva","",""
"282",492,"LYMN","Hygrophila: Lymnaeidae (Adult)",0,1,1,0,0,0,0,0,0.02,3.03,"Animalia","Mollusca","Gastropoda","Hygrophila","Branchiopulmonata","Lymnaeoidea","Lymnaeidae","","","","Aquatic","Adult","ScraperGrazer","Possibly Fossaria? Length-mass regression values from Benke et al. 1999, Appendix 2, average of Gastropoda values, for AFDM."
"283",493,"DIPP","Diptera (Pupa)",0,1,0,0,0,0,0,0,0.0025,2.69,"Animalia","Arthropoda","Insecta","Diptera","","","","","","","Terrestrial","Pupa","NonFeeding","Length-mass regression values from Benke et al. 1999, Table 2, for Diptera larvae."
"284",494,"TIPP","Diptera: Tipulidae (Pupa)",0,1,0,0,0,0,0,0,0.0029,2.68,"Animalia","Arthropoda","Insecta","Diptera","Nematocera","Tipuloidea","Tipulidae","","","","Aquatic","Pupa","NonFeeding","Infraorder. Length-mass regression values from Benke et al. 1999, Table 4, for Tipulidae larvae."
"285",495,"ELMA","Coleoptera: Elmidae (Adult)",0,1,0,0,0,0,0,0,0.04,2.64,"Animalia","Arthropoda","Insecta","Coleoptera","Polyphaga","Byrrhoidea","Elmidae","","","","Aquatic","Adult","","Length-mass regression values from Sabo et al. 2002, Table 2, for Coleoptera. "
"286",496,"ODOA","Odonata (Adult)",1,0,0,0,0,0,1,0,0.14,2.27,"Animalia","Arthropoda","Insecta","Odonata","","","","","","","Aquatic","Adult","Predator","Length-mass regression values from Sabo et al. 2002, Table 2."
"287",497,"OLIG","Clitellata (Adult)",0,1,1,0,0,0,1,0,0.0028,1.99,"Animalia","Annelida","Clitellata","","","","","","","","Aquatic","Adult","Generalist","Length-mass regression values from Miserendino 2001, Table 1, average value for Annelida. "
"288",498,"MANT","Mantodea (Adult)",1,0,0,0,0,0,0,0,2.49,-3.62,"Animalia","Arthropoda","Insecta","Mantodea","","","","","","","Terrestrial","Adult","","Length-mass regression values from Sample et al. 1993, Table 1, for Insecta. "
"289",499,"ENOC","Coleoptera: Hydrophilidae: Enochrus spp. (Adult)",1,0,0,0,0,0,0,0,0.04,2.64,"Animalia","Arthropoda","Insecta","Coleoptera","Polyphaga","Hydrophiloidea","Hydrophilidae","Hydrophilinae","Enochrus","","Aquatic","Adult","","Length-mass regression values from Sabo et al. 2002, Table 2, for Coleoptera. "
"290",500,"OCTH","Diptera: Ephydridae: Ochthera spp. (Adult)",1,0,0,0,0,0,0,0,0.04,2.26,"Animalia","Arthropoda","Insecta","Diptera","Brachycera","Ephydroidea","Ephydridae","Parydrinae","Ochthera","","Aquatic","Adult","","Length-mass regression values from Sabo et al. 2002, Table 2, for Diptera. "
"291",501,"DYTL","Coleoptera: Dytiscidae (Larva)",0,1,0,0,0,0,0,0,0.0077,2.91,"Animalia","Arthropoda","Insecta","Coleoptera","Adephaga","Dytiscoidea","Dytiscidae","","","","Aquatic","Larva","predator","Length-mass regression values from Benke et al. 1999, Table 2, for Coleoptera."
"292",502,"CHEL","Diptera: Empididae: Chelifera spp. (Adult)",1,1,0,0,0,0,1,0,0.04,2.26,"Animalia","Arthropoda","Insecta","Diptera","Brachycera","Empidoidea","Empididae","Hemerodromiinae","Chelifera","","Aquatic","Adult","","Length-mass regression values from Sabo et al. 2002, Table 2, for Diptera. "
"293",505,"BESP","Coleoptera: Hydrophilidae: Berosus spp. (Adult)",1,0,0,0,0,0,0,0,0.04,2.64,"Animalia","Arthropoda","Insecta","Coleoptera","Polyphaga","Hydrophiloidea","Hydrophilidae","Hydrophilinae","Berosus","","Aquatic","Adult","","Length-mass regression values from Sabo et al. 2002, Table 2, for Coleoptera. "
"294",506,"POLA","Trichoptera: Polycentropodidae (Adult)",1,0,0,0,0,0,0,0,0.01,2.9,"Animalia","Arthropoda","Insecta","Trichoptera","Annulipalpia","Hydropsychoidea","Polycentropodidae","","","","Aquatic","Adult","","Length-mass regression values from Sabo et al. 2002, Table 2, for Trichoptera."
"295",507,"FISL","Actinopterygii (Larva)",0,0,0,0,0,0,0,0,NA,NA,"Animalia","Chordata","Actinopterygii","","","","","","","","Aquatic","Larva","",""
"296",509,"GAMM","Amphipoda: Gammaridae: Gammarus lacustris (Adult)",0,1,1,0,0,0,1,0,0.00845,2.87,"Animalia","Arthropoda","Malacostraca","Amphipoda","Gammaridea","Gammaroidea","Gammaridae","Gammarinae","Gammarus","lacustris","Aquatic","Adult","","Length-mass regression values from Benke et al. 1999, Appendix 1, average of G. minus and G. pseudolimnaeus."
"297",510,"HOPP","Hemiptera: Auchenorrhyncha (Suborder) (Adult)",1,1,0,1,1,1,1,0,3.07,-4.78,"Animalia","Arthropoda","Insecta","Hemiptera","Auchenorrhyncha","","","","","","Terrestrial","Adult","","Length-mass regression values from Sample et al. 1993, Table 1, for Hemiptera."
"298",511,"HYDS","Coleoptera: Hydrophilidae (Adult)",1,0,0,0,0,0,0,0,0.04,2.64,"Animalia","Arthropoda","Insecta","Coleoptera","Polyphaga","Hydrophiloidea","Hydrophilidae","","","","Aquatic","Adult","Generalist","Length-mass regression values from Sabo et al. 2002, Table 2, for Coleoptera."
"299",513,"NOTE","Coleoptera: Noteridae (Adult)",1,0,0,0,0,0,0,0,0.04,2.64,"Animalia","Arthropoda","Insecta","Coleoptera","Adephaga","Dytiscoidea","Noteridae","","","","Aquatic","Adult","Predator","Length-mass regression values from Sabo et al. 2002, Table 2, for Coleoptera."
"300",514,"OEHI","Trichoptera: Leptoceridae: Oecetis houghtoni (Adult)",1,0,0,0,0,0,0,0,0.01,2.9,"Animalia","Arthropoda","Insecta","Trichoptera","Integripalpia","Leptoceroidea","Leptoceridae","Leptocerinae","Oecetis","houghtoni","Aquatic","Adult","Predator","Length-mass regression values from Sabo et al. 2002, Table 2, for Trichoptera."
"301",515,"LIPR","Trichoptera: Limnephilidae: Limnephilus productus (Adult)",1,0,0,0,0,0,0,0,0.01,2.9,"Animalia","Arthropoda","Insecta","Trichoptera","Integripalpia","Limnephiloidea","Limnephilidae","Limnephilinae","Limnephilus","productus","Aquatic","Adult","Shredder","Length-mass regression values from Sabo et al. 2002, Table 2, for Trichoptera."
"302",516,"OESO","Trichoptera: Leptoceridae: Oecetis sordida (Adult)",1,0,0,0,0,0,0,0,0.01,2.9,"Animalia","Arthropoda","Insecta","Trichoptera","Integripalpia","Leptoceroidea","Leptoceridae","Leptocerinae","Oecetis","sordida","Aquatic","Adult","Predator","Length-mass regression values from Sabo et al. 2002, Table 2, for Trichoptera."
"303",517,"OEIN","Trichoptera: Leptoceridae: Oecetis inconspicua (Adult)",1,0,0,0,0,0,0,0,0.01,2.9,"Animalia","Arthropoda","Insecta","Trichoptera","Integripalpia","Leptoceroidea","Leptoceridae","Leptocerinae","Oecetis","inconspicua","Aquatic","Adult","Predator","Length-mass regression values from Sabo et al. 2002, Table 2, for Trichoptera."
"304",519,"CHLR","Plecoptera: Chloroperlidae (Larva)",0,0,1,0,0,0,0,0,0.0065,2.72,"Animalia","Arthropoda","Insecta","Plecoptera","Systellognatha","Perloidea","Chloroperlidae","","","","Aquatic","Larva","Predator","Length-mass regression values from Benke et al. 1999, Table 4."
